-- phpMyAdmin SQL Dump
-- version 5.0.2
-- https://www.phpmyadmin.net/
--
-- Host: localhost
-- Generation Time: Oct 19, 2020 at 12:34 PM
-- Server version: 10.4.13-MariaDB
-- PHP Version: 7.4.8

SET SQL_MODE = "NO_AUTO_VALUE_ON_ZERO";
START TRANSACTION;
SET time_zone = "+00:00";


/*!40101 SET @OLD_CHARACTER_SET_CLIENT=@@CHARACTER_SET_CLIENT */;
/*!40101 SET @OLD_CHARACTER_SET_RESULTS=@@CHARACTER_SET_RESULTS */;
/*!40101 SET @OLD_COLLATION_CONNECTION=@@COLLATION_CONNECTION */;
/*!40101 SET NAMES utf8mb4 */;

--
-- Database: `cyber`
--

-- --------------------------------------------------------

--
-- Table structure for table `agent`
--

CREATE TABLE `agent` (
  `id` int(11) NOT NULL,
  `store_name` varchar(255) DEFAULT NULL,
  `partner_id` varchar(50) DEFAULT NULL,
  `pin_lock` varchar(8) DEFAULT NULL,
  `store_open` time DEFAULT NULL,
  `store_close` time DEFAULT NULL,
  `address` varchar(500) DEFAULT NULL,
  `kelurahan` varchar(255) DEFAULT NULL,
  `kecamatan` varchar(255) DEFAULT NULL,
  `kota` varchar(255) DEFAULT NULL,
  `provinsi` varchar(255) DEFAULT NULL,
  `kode_pos` varchar(10) DEFAULT NULL,
  `latitude` varchar(100) DEFAULT NULL,
  `longitude` varchar(100) DEFAULT NULL,
  `ktp` varchar(255) DEFAULT NULL,
  `kk` varchar(255) DEFAULT NULL,
  `npwp` varchar(255) DEFAULT NULL,
  `no_rekening` varchar(255) DEFAULT NULL,
  `buku_rekening` varchar(355) DEFAULT NULL,
  `point` int(11) DEFAULT NULL,
  `credit_limit` double DEFAULT NULL,
  `subscription` varchar(255) DEFAULT NULL,
  `max_load` int(11) DEFAULT NULL,
  `default_agent` int(11) DEFAULT 0
) ENGINE=InnoDB DEFAULT CHARSET=latin1;

--
-- Dumping data for table `agent`
--

INSERT INTO `agent` (`id`, `store_name`, `partner_id`, `pin_lock`, `store_open`, `store_close`, `address`, `kelurahan`, `kecamatan`, `kota`, `provinsi`, `kode_pos`, `latitude`, `longitude`, `ktp`, `kk`, `npwp`, `no_rekening`, `buku_rekening`, `point`, `credit_limit`, `subscription`, `max_load`, `default_agent`) VALUES
(15105, 'Heri store', 'MYR0011', '123456', '08:00:00', '20:00:00', 'Jl. Talaga', 'KALI BARU', 'CILINCING', 'JAKARTA SELATAN', 'DKI JAKARTA', '12345', '-6.1837421735978015', '106.70976921916008', NULL, NULL, NULL, NULL, NULL, 200, 5000000, 'silver', 300, 0),
(15107, 'Meyer Jogja', 'MYR0012', '123456', '08:00:00', '17:00:00', 'Jalan Woltermonginsidi 14 Yogyakarta', 'KALI BARU', 'CILINCING', 'JAKARTA TIMUR', 'DKI JAKARTA', '55186', '-7.787984993433525', '110.35889458249517', NULL, NULL, NULL, NULL, NULL, 8900, 5000000, 'platinum', 300, 0),
(15108, 'Meyer Pusat', 'MYR0013', '123456', '09:00:00', '22:00:00', 'Ini alamatnya: Rukan Wallstreet Blok A No. 29 Lt. 2,  Green Lake City , Petir - Cipondoh,  Tangerang - Banten', 'PAKU JAYA', 'SERPONG UTARA', 'KEPULAUAN SERIBU', 'DKI JAKARTA', '15147', '-6.1835848440111585', '106.7097544670105', NULL, NULL, NULL, NULL, NULL, 37400, 5000000, 'platinum', 300, 1),
(15274, 'Febri Meyer', 'MYR0015', '021986', '08:00:00', '17:00:00', 'Jalan Waru 1B no 15, RT 013/009 , Cengkareng Indah, Jakarta Barat', 'PULAU TIDUNG', 'CENGKARENG', 'JAKARTA BARAT', 'DKI JAKARTA', '11720', '-6.1453684', '106.7485312', NULL, NULL, NULL, NULL, NULL, 34300, 5000000, 'silver', 300, 0),
(15275, 'KANTIN BAKSO CITRA', 'MYR0016', '196168', '07:00:00', '20:00:00', 'APARTEMEN GREEN PARK VIEW TOWER E KIOS EK3A', 'KALI BARU', 'CILINCING', 'JAKARTA BARAT', 'DKI JAKARTA', '11750', '-6.155707103598512', '106.71964049578708', NULL, NULL, NULL, NULL, NULL, 131200, 5000000, 'gold', 100, 0),
(15282, 'Kumala Sari', 'MYR0017', '260511', '08:00:00', '20:00:00', 'Taman holandia jalan Volendam no. 33', 'PAKU JAYA', 'SERPONG UTARA', 'TANGERANG', 'BANTEN', '15138', '-6.221725', '106.62018460000002', NULL, NULL, NULL, NULL, NULL, 46300, 5000000, 'silver', 1000, 0);

-- --------------------------------------------------------

--
-- Table structure for table `customer`
--

CREATE TABLE `customer` (
  `id` int(11) NOT NULL,
  `referral_id` int(11) DEFAULT NULL,
  `address` varchar(500) DEFAULT NULL,
  `kelurahan` varchar(255) DEFAULT NULL,
  `kecamatan` varchar(255) DEFAULT NULL,
  `kota` varchar(255) DEFAULT NULL,
  `provinsi` varchar(255) DEFAULT NULL,
  `kode_pos` varchar(10) DEFAULT NULL,
  `latitude` varchar(100) DEFAULT NULL,
  `longitude` varchar(100) DEFAULT NULL,
  `no_rekening` varchar(255) DEFAULT NULL,
  `buku_rekening` varchar(355) DEFAULT NULL,
  `point` int(11) DEFAULT NULL,
  `default_address` int(11) DEFAULT NULL
) ENGINE=InnoDB DEFAULT CHARSET=latin1;

--
-- Dumping data for table `customer`
--

INSERT INTO `customer` (`id`, `referral_id`, `address`, `kelurahan`, `kecamatan`, `kota`, `provinsi`, `kode_pos`, `latitude`, `longitude`, `no_rekening`, `buku_rekening`, `point`, `default_address`) VALUES
(15039, NULL, 'Paten RT 05 Timbulharjo Sewon Bantul', 'TImbulharjo', 'Sewon', 'Bantul', 'Yogyakarta', '55186', NULL, NULL, NULL, NULL, 1800, NULL),
(15044, NULL, 'Jalan Boulevard', 'KELAPA GADING TIMUR', 'KELAPA GADING', 'JAKARTA UTARA', 'DKI JAKARTA', '14240', '-6.152969681380213', '106.90839728570563', NULL, NULL, NULL, 0),
(15047, NULL, NULL, NULL, NULL, NULL, NULL, NULL, NULL, NULL, NULL, NULL, NULL, 0),
(15106, NULL, NULL, NULL, NULL, NULL, NULL, NULL, NULL, NULL, NULL, NULL, 3100, 0),
(15109, NULL, NULL, NULL, NULL, NULL, NULL, NULL, NULL, NULL, NULL, NULL, 400, 0),
(15110, NULL, NULL, NULL, NULL, NULL, NULL, NULL, NULL, NULL, NULL, NULL, NULL, 0),
(15111, NULL, NULL, NULL, NULL, NULL, NULL, NULL, NULL, NULL, NULL, NULL, NULL, 0),
(15112, NULL, NULL, NULL, NULL, NULL, NULL, NULL, NULL, NULL, NULL, NULL, NULL, 0),
(15113, NULL, NULL, NULL, NULL, NULL, NULL, NULL, NULL, NULL, NULL, NULL, NULL, 0),
(15114, NULL, NULL, NULL, NULL, NULL, NULL, NULL, NULL, NULL, NULL, NULL, NULL, 0),
(15115, NULL, NULL, NULL, NULL, NULL, NULL, NULL, NULL, NULL, NULL, NULL, NULL, 0),
(15117, NULL, NULL, NULL, NULL, NULL, NULL, NULL, NULL, NULL, NULL, NULL, 300, 0),
(15118, NULL, NULL, NULL, NULL, NULL, NULL, NULL, NULL, NULL, NULL, NULL, NULL, 0),
(15119, NULL, NULL, NULL, NULL, NULL, NULL, NULL, NULL, NULL, NULL, NULL, 200, 0),
(15120, NULL, NULL, NULL, NULL, NULL, NULL, NULL, NULL, NULL, NULL, NULL, 300, 0),
(15121, NULL, NULL, NULL, NULL, NULL, NULL, NULL, NULL, NULL, NULL, NULL, 900, 0),
(15122, NULL, NULL, NULL, NULL, NULL, NULL, NULL, NULL, NULL, NULL, NULL, 300, 0),
(15123, NULL, NULL, NULL, NULL, NULL, NULL, NULL, NULL, NULL, NULL, NULL, 300, 0),
(15124, NULL, NULL, NULL, NULL, NULL, NULL, NULL, NULL, NULL, NULL, NULL, NULL, 0),
(15125, NULL, NULL, NULL, NULL, NULL, NULL, NULL, NULL, NULL, NULL, NULL, 900, 0),
(15126, NULL, NULL, NULL, NULL, NULL, NULL, NULL, NULL, NULL, NULL, NULL, NULL, 0),
(15127, NULL, NULL, NULL, NULL, NULL, NULL, NULL, NULL, NULL, NULL, NULL, NULL, 0),
(15128, NULL, NULL, NULL, NULL, NULL, NULL, NULL, NULL, NULL, NULL, NULL, 200, 0),
(15129, NULL, NULL, NULL, NULL, NULL, NULL, NULL, NULL, NULL, NULL, NULL, NULL, 0),
(15130, NULL, NULL, NULL, NULL, NULL, NULL, NULL, NULL, NULL, NULL, NULL, 300, 0),
(15131, NULL, NULL, NULL, NULL, NULL, NULL, NULL, NULL, NULL, NULL, NULL, 300, 0),
(15132, NULL, NULL, NULL, NULL, NULL, NULL, NULL, NULL, NULL, NULL, NULL, 300, 0),
(15133, NULL, NULL, NULL, NULL, NULL, NULL, NULL, NULL, NULL, NULL, NULL, 100, 0),
(15134, NULL, NULL, NULL, NULL, NULL, NULL, NULL, NULL, NULL, NULL, NULL, 100, 0),
(15135, NULL, NULL, NULL, NULL, NULL, NULL, NULL, NULL, NULL, NULL, NULL, 300, 0),
(15136, NULL, NULL, NULL, NULL, NULL, NULL, NULL, NULL, NULL, NULL, NULL, 600, 0),
(15137, NULL, NULL, NULL, NULL, NULL, NULL, NULL, NULL, NULL, NULL, NULL, NULL, 0),
(15138, NULL, NULL, NULL, NULL, NULL, NULL, NULL, NULL, NULL, NULL, NULL, 300, 0),
(15139, NULL, NULL, NULL, NULL, NULL, NULL, NULL, NULL, NULL, NULL, NULL, 300, 0),
(15140, NULL, NULL, NULL, NULL, NULL, NULL, NULL, NULL, NULL, NULL, NULL, NULL, 0),
(15141, NULL, NULL, NULL, NULL, NULL, NULL, NULL, NULL, NULL, NULL, NULL, 200, 0),
(15142, NULL, NULL, NULL, NULL, NULL, NULL, NULL, NULL, NULL, NULL, NULL, 400, 0),
(15143, NULL, NULL, NULL, NULL, NULL, NULL, NULL, NULL, NULL, NULL, NULL, 300, 0),
(15144, NULL, NULL, NULL, NULL, NULL, NULL, NULL, NULL, NULL, NULL, NULL, NULL, 0),
(15145, NULL, NULL, NULL, NULL, NULL, NULL, NULL, NULL, NULL, NULL, NULL, 300, 0),
(15146, NULL, NULL, NULL, NULL, NULL, NULL, NULL, NULL, NULL, NULL, NULL, NULL, 0),
(15147, NULL, NULL, NULL, NULL, NULL, NULL, NULL, NULL, NULL, NULL, NULL, NULL, 0),
(15148, NULL, NULL, NULL, NULL, NULL, NULL, NULL, NULL, NULL, NULL, NULL, NULL, 0),
(15149, NULL, NULL, NULL, NULL, NULL, NULL, NULL, NULL, NULL, NULL, NULL, 200, 0),
(15150, NULL, NULL, NULL, NULL, NULL, NULL, NULL, NULL, NULL, NULL, NULL, 300, 0),
(15151, NULL, NULL, NULL, NULL, NULL, NULL, NULL, NULL, NULL, NULL, NULL, NULL, 0),
(15152, NULL, NULL, NULL, NULL, NULL, NULL, NULL, NULL, NULL, NULL, NULL, NULL, 0),
(15153, NULL, NULL, NULL, NULL, NULL, NULL, NULL, NULL, NULL, NULL, NULL, 100, 0),
(15154, NULL, NULL, NULL, NULL, NULL, NULL, NULL, NULL, NULL, NULL, NULL, 300, 0),
(15155, NULL, NULL, NULL, NULL, NULL, NULL, NULL, NULL, NULL, NULL, NULL, NULL, 0),
(15156, NULL, NULL, NULL, NULL, NULL, NULL, NULL, NULL, NULL, NULL, NULL, 600, 0),
(15157, NULL, NULL, NULL, NULL, NULL, NULL, NULL, NULL, NULL, NULL, NULL, 400, 0),
(15158, NULL, NULL, NULL, NULL, NULL, NULL, NULL, NULL, NULL, NULL, NULL, 300, 0),
(15159, NULL, NULL, NULL, NULL, NULL, NULL, NULL, NULL, NULL, NULL, NULL, NULL, 0),
(15160, NULL, NULL, NULL, NULL, NULL, NULL, NULL, NULL, NULL, NULL, NULL, 100, 0),
(15161, NULL, NULL, NULL, NULL, NULL, NULL, NULL, NULL, NULL, NULL, NULL, 100, 0),
(15162, NULL, NULL, NULL, NULL, NULL, NULL, NULL, NULL, NULL, NULL, NULL, NULL, 0),
(15163, NULL, NULL, NULL, NULL, NULL, NULL, NULL, NULL, NULL, NULL, NULL, 400, 0),
(15164, NULL, NULL, NULL, NULL, NULL, NULL, NULL, NULL, NULL, NULL, NULL, 400, 0),
(15165, NULL, NULL, NULL, NULL, NULL, NULL, NULL, NULL, NULL, NULL, NULL, NULL, 0),
(15166, NULL, NULL, NULL, NULL, NULL, NULL, NULL, NULL, NULL, NULL, NULL, 100, 0),
(15167, NULL, NULL, NULL, NULL, NULL, NULL, NULL, NULL, NULL, NULL, NULL, 200, 0),
(15168, NULL, NULL, NULL, NULL, NULL, NULL, NULL, NULL, NULL, NULL, NULL, 300, 0),
(15169, NULL, NULL, NULL, NULL, NULL, NULL, NULL, NULL, NULL, NULL, NULL, 100, 0),
(15170, NULL, NULL, NULL, NULL, NULL, NULL, NULL, NULL, NULL, NULL, NULL, 200, 0),
(15171, NULL, NULL, NULL, NULL, NULL, NULL, NULL, NULL, NULL, NULL, NULL, 100, 0),
(15172, NULL, NULL, NULL, NULL, NULL, NULL, NULL, NULL, NULL, NULL, NULL, 100, 0),
(15174, NULL, NULL, NULL, NULL, NULL, NULL, NULL, NULL, NULL, NULL, NULL, 300, 0),
(15175, NULL, NULL, NULL, NULL, NULL, NULL, NULL, NULL, NULL, NULL, NULL, 800, 0),
(15176, NULL, NULL, NULL, NULL, NULL, NULL, NULL, NULL, NULL, NULL, NULL, 100, 0),
(15177, NULL, NULL, NULL, NULL, NULL, NULL, NULL, NULL, NULL, NULL, NULL, 600, 0),
(15178, NULL, NULL, NULL, NULL, NULL, NULL, NULL, NULL, NULL, NULL, NULL, 300, 0),
(15179, NULL, NULL, NULL, NULL, NULL, NULL, NULL, NULL, NULL, NULL, NULL, NULL, 0),
(15180, NULL, NULL, NULL, NULL, NULL, NULL, NULL, NULL, NULL, NULL, NULL, NULL, 0),
(15181, NULL, NULL, NULL, NULL, NULL, NULL, NULL, NULL, NULL, NULL, NULL, NULL, 0),
(15182, NULL, NULL, NULL, NULL, NULL, NULL, NULL, NULL, NULL, NULL, NULL, 100, 0),
(15183, NULL, NULL, NULL, NULL, NULL, NULL, NULL, NULL, NULL, NULL, NULL, 100, 0),
(15184, NULL, NULL, NULL, NULL, NULL, NULL, NULL, NULL, NULL, NULL, NULL, 300, 0),
(15185, NULL, NULL, NULL, NULL, NULL, NULL, NULL, NULL, NULL, NULL, NULL, 300, 0),
(15186, NULL, NULL, NULL, NULL, NULL, NULL, NULL, NULL, NULL, NULL, NULL, 200, 0),
(15187, NULL, NULL, NULL, NULL, NULL, NULL, NULL, NULL, NULL, NULL, NULL, 100, 0),
(15188, NULL, NULL, NULL, NULL, NULL, NULL, NULL, NULL, NULL, NULL, NULL, 200, 0),
(15189, NULL, NULL, NULL, NULL, NULL, NULL, NULL, NULL, NULL, NULL, NULL, 400, 0),
(15190, NULL, NULL, NULL, NULL, NULL, NULL, NULL, NULL, NULL, NULL, NULL, NULL, 0),
(15191, NULL, NULL, NULL, NULL, NULL, NULL, NULL, NULL, NULL, NULL, NULL, 300, 0),
(15192, NULL, NULL, NULL, NULL, NULL, NULL, NULL, NULL, NULL, NULL, NULL, NULL, 0),
(15193, NULL, NULL, NULL, NULL, NULL, NULL, NULL, NULL, NULL, NULL, NULL, 200, 0),
(15194, NULL, NULL, NULL, NULL, NULL, NULL, NULL, NULL, NULL, NULL, NULL, 100, 0),
(15195, NULL, NULL, NULL, NULL, NULL, NULL, NULL, NULL, NULL, NULL, NULL, NULL, 0),
(15196, NULL, NULL, NULL, NULL, NULL, NULL, NULL, NULL, NULL, NULL, NULL, 300, 0),
(15197, NULL, NULL, NULL, NULL, NULL, NULL, NULL, NULL, NULL, NULL, NULL, 100, 0),
(15198, NULL, NULL, NULL, NULL, NULL, NULL, NULL, NULL, NULL, NULL, NULL, NULL, 0),
(15199, NULL, NULL, NULL, NULL, NULL, NULL, NULL, NULL, NULL, NULL, NULL, 300, 0),
(15200, NULL, NULL, NULL, NULL, NULL, NULL, NULL, NULL, NULL, NULL, NULL, 200, 0),
(15201, NULL, NULL, NULL, NULL, NULL, NULL, NULL, NULL, NULL, NULL, NULL, NULL, 0),
(15202, NULL, NULL, NULL, NULL, NULL, NULL, NULL, NULL, NULL, NULL, NULL, 300, 0),
(15203, NULL, NULL, NULL, NULL, NULL, NULL, NULL, NULL, NULL, NULL, NULL, 300, 0),
(15204, NULL, NULL, NULL, NULL, NULL, NULL, NULL, NULL, NULL, NULL, NULL, NULL, 0),
(15206, NULL, NULL, NULL, NULL, NULL, NULL, NULL, NULL, NULL, NULL, NULL, NULL, 0),
(15207, NULL, NULL, NULL, NULL, NULL, NULL, NULL, NULL, NULL, NULL, NULL, 300, 0),
(15208, NULL, NULL, NULL, NULL, NULL, NULL, NULL, NULL, NULL, NULL, NULL, 300, 0),
(15209, NULL, NULL, NULL, NULL, NULL, NULL, NULL, NULL, NULL, NULL, NULL, 100, 0),
(15210, NULL, NULL, NULL, NULL, NULL, NULL, NULL, NULL, NULL, NULL, NULL, 100, 0),
(15211, NULL, NULL, NULL, NULL, NULL, NULL, NULL, NULL, NULL, NULL, NULL, NULL, 0),
(15212, NULL, NULL, NULL, NULL, NULL, NULL, NULL, NULL, NULL, NULL, NULL, 300, 0),
(15213, NULL, NULL, NULL, NULL, NULL, NULL, NULL, NULL, NULL, NULL, NULL, NULL, 0),
(15214, NULL, NULL, NULL, NULL, NULL, NULL, NULL, NULL, NULL, NULL, NULL, 200, 0),
(15215, NULL, NULL, NULL, NULL, NULL, NULL, NULL, NULL, NULL, NULL, NULL, NULL, 0),
(15216, NULL, NULL, NULL, NULL, NULL, NULL, NULL, NULL, NULL, NULL, NULL, NULL, 0),
(15217, NULL, NULL, NULL, NULL, NULL, NULL, NULL, NULL, NULL, NULL, NULL, 500, 0),
(15218, NULL, NULL, NULL, NULL, NULL, NULL, NULL, NULL, NULL, NULL, NULL, NULL, 0),
(15219, NULL, NULL, NULL, NULL, NULL, NULL, NULL, NULL, NULL, NULL, NULL, 23800, 0),
(15220, NULL, NULL, NULL, NULL, NULL, NULL, NULL, NULL, NULL, NULL, NULL, 300, 0),
(15221, NULL, NULL, NULL, NULL, NULL, NULL, NULL, NULL, NULL, NULL, NULL, NULL, 0),
(15222, NULL, NULL, NULL, NULL, NULL, NULL, NULL, NULL, NULL, NULL, NULL, 200, 0),
(15223, NULL, NULL, NULL, NULL, NULL, NULL, NULL, NULL, NULL, NULL, NULL, 100, 0),
(15224, NULL, NULL, NULL, NULL, NULL, NULL, NULL, NULL, NULL, NULL, NULL, 300, 0),
(15225, NULL, NULL, NULL, NULL, NULL, NULL, NULL, NULL, NULL, NULL, NULL, NULL, 0),
(15226, NULL, NULL, NULL, NULL, NULL, NULL, NULL, NULL, NULL, NULL, NULL, 100, 0),
(15227, NULL, NULL, NULL, NULL, NULL, NULL, NULL, NULL, NULL, NULL, NULL, NULL, 0),
(15228, NULL, NULL, NULL, NULL, NULL, NULL, NULL, NULL, NULL, NULL, NULL, 100, 0),
(15229, NULL, NULL, NULL, NULL, NULL, NULL, NULL, NULL, NULL, NULL, NULL, NULL, 0),
(15230, NULL, NULL, NULL, NULL, NULL, NULL, NULL, NULL, NULL, NULL, NULL, 300, 0),
(15231, NULL, NULL, NULL, NULL, NULL, NULL, NULL, NULL, NULL, NULL, NULL, 200, 0),
(15232, NULL, NULL, NULL, NULL, NULL, NULL, NULL, NULL, NULL, NULL, NULL, NULL, 0),
(15233, NULL, NULL, NULL, NULL, NULL, NULL, NULL, NULL, NULL, NULL, NULL, 200, 0),
(15234, NULL, NULL, NULL, NULL, NULL, NULL, NULL, NULL, NULL, NULL, NULL, NULL, 0),
(15235, NULL, NULL, NULL, NULL, NULL, NULL, NULL, NULL, NULL, NULL, NULL, 300, 0),
(15236, NULL, NULL, NULL, NULL, NULL, NULL, NULL, NULL, NULL, NULL, NULL, 600, 0),
(15237, NULL, NULL, NULL, NULL, NULL, NULL, NULL, NULL, NULL, NULL, NULL, 300, 0),
(15238, NULL, NULL, NULL, NULL, NULL, NULL, NULL, NULL, NULL, NULL, NULL, 300, 0),
(15239, NULL, NULL, NULL, NULL, NULL, NULL, NULL, NULL, NULL, NULL, NULL, 300, 0),
(15240, NULL, NULL, NULL, NULL, NULL, NULL, NULL, NULL, NULL, NULL, NULL, 300, 0),
(15241, NULL, NULL, NULL, NULL, NULL, NULL, NULL, NULL, NULL, NULL, NULL, NULL, 0),
(15242, NULL, NULL, NULL, NULL, NULL, NULL, NULL, NULL, NULL, NULL, NULL, NULL, 0),
(15243, NULL, NULL, NULL, NULL, NULL, NULL, NULL, NULL, NULL, NULL, NULL, 200, 0),
(15244, NULL, NULL, NULL, NULL, NULL, NULL, NULL, NULL, NULL, NULL, NULL, 300, 0),
(15245, NULL, NULL, NULL, NULL, NULL, NULL, NULL, NULL, NULL, NULL, NULL, 100, 0),
(15246, NULL, NULL, NULL, NULL, NULL, NULL, NULL, NULL, NULL, NULL, NULL, NULL, 0),
(15247, NULL, NULL, NULL, NULL, NULL, NULL, NULL, NULL, NULL, NULL, NULL, 100, 0),
(15248, NULL, NULL, NULL, NULL, NULL, NULL, NULL, NULL, NULL, NULL, NULL, NULL, 0),
(15249, NULL, NULL, NULL, NULL, NULL, NULL, NULL, NULL, NULL, NULL, NULL, 400, 0),
(15250, NULL, NULL, NULL, NULL, NULL, NULL, NULL, NULL, NULL, NULL, NULL, 200, 0),
(15251, NULL, NULL, NULL, NULL, NULL, NULL, NULL, NULL, NULL, NULL, NULL, NULL, 0),
(15252, NULL, NULL, NULL, NULL, NULL, NULL, NULL, NULL, NULL, NULL, NULL, NULL, 0),
(15253, NULL, NULL, NULL, NULL, NULL, NULL, NULL, NULL, NULL, NULL, NULL, 100, 0),
(15254, NULL, NULL, NULL, NULL, NULL, NULL, NULL, NULL, NULL, NULL, NULL, 200, 0),
(15255, NULL, NULL, NULL, NULL, NULL, NULL, NULL, NULL, NULL, NULL, NULL, 300, 0),
(15256, NULL, NULL, NULL, NULL, NULL, NULL, NULL, NULL, NULL, NULL, NULL, 100, 0),
(15257, NULL, NULL, NULL, NULL, NULL, NULL, NULL, NULL, NULL, NULL, NULL, NULL, 0),
(15258, NULL, NULL, NULL, NULL, NULL, NULL, NULL, NULL, NULL, NULL, NULL, 300, 0),
(15259, NULL, NULL, NULL, NULL, NULL, NULL, NULL, NULL, NULL, NULL, NULL, 300, 0),
(15260, NULL, NULL, NULL, NULL, NULL, NULL, NULL, NULL, NULL, NULL, NULL, NULL, 0),
(15261, NULL, NULL, NULL, NULL, NULL, NULL, NULL, NULL, NULL, NULL, NULL, 300, 0),
(15262, NULL, NULL, NULL, NULL, NULL, NULL, NULL, NULL, NULL, NULL, NULL, NULL, 0),
(15263, NULL, NULL, NULL, NULL, NULL, NULL, NULL, NULL, NULL, NULL, NULL, 300, 0),
(15264, NULL, NULL, NULL, NULL, NULL, NULL, NULL, NULL, NULL, NULL, NULL, 300, 0),
(15265, NULL, NULL, NULL, NULL, NULL, NULL, NULL, NULL, NULL, NULL, NULL, 300, 0),
(15266, NULL, NULL, NULL, NULL, NULL, NULL, NULL, NULL, NULL, NULL, NULL, 200, 0),
(15267, NULL, NULL, NULL, NULL, NULL, NULL, NULL, NULL, NULL, NULL, NULL, 200, 0),
(15268, NULL, NULL, NULL, NULL, NULL, NULL, NULL, NULL, NULL, NULL, NULL, 100, 0),
(15269, NULL, NULL, NULL, NULL, NULL, NULL, NULL, NULL, NULL, NULL, NULL, NULL, 0),
(15270, NULL, NULL, NULL, NULL, NULL, NULL, NULL, NULL, NULL, NULL, NULL, 400, 0),
(15271, NULL, NULL, NULL, NULL, NULL, NULL, NULL, NULL, NULL, NULL, NULL, NULL, 0),
(15272, NULL, NULL, NULL, NULL, NULL, NULL, NULL, NULL, NULL, NULL, NULL, NULL, 0),
(15273, NULL, NULL, NULL, NULL, NULL, NULL, NULL, NULL, NULL, NULL, NULL, NULL, 0),
(15276, NULL, NULL, NULL, NULL, NULL, NULL, NULL, NULL, NULL, NULL, NULL, 1600, 0),
(15277, NULL, NULL, NULL, NULL, NULL, NULL, NULL, NULL, NULL, NULL, NULL, NULL, 0),
(15278, NULL, NULL, NULL, NULL, NULL, NULL, NULL, NULL, NULL, NULL, NULL, NULL, 0),
(15279, NULL, NULL, NULL, NULL, NULL, NULL, NULL, NULL, NULL, NULL, NULL, NULL, 0),
(15280, NULL, NULL, NULL, NULL, NULL, NULL, NULL, NULL, NULL, NULL, NULL, NULL, 0),
(15281, NULL, NULL, NULL, NULL, NULL, NULL, NULL, NULL, NULL, NULL, NULL, 200, 0),
(15283, NULL, NULL, NULL, NULL, NULL, NULL, NULL, NULL, NULL, NULL, NULL, 200, 0),
(15284, NULL, NULL, NULL, NULL, NULL, NULL, NULL, NULL, NULL, NULL, NULL, NULL, 0),
(15285, NULL, NULL, NULL, NULL, NULL, NULL, NULL, NULL, NULL, NULL, NULL, NULL, 0),
(15286, NULL, NULL, NULL, NULL, NULL, NULL, NULL, NULL, NULL, NULL, NULL, NULL, 0),
(15287, NULL, NULL, NULL, NULL, NULL, NULL, NULL, NULL, NULL, NULL, NULL, NULL, 0),
(15288, NULL, NULL, NULL, NULL, NULL, NULL, NULL, NULL, NULL, NULL, NULL, NULL, 0),
(15289, NULL, NULL, NULL, NULL, NULL, NULL, NULL, NULL, NULL, NULL, NULL, 900, 0),
(15290, NULL, NULL, NULL, NULL, NULL, NULL, NULL, NULL, NULL, NULL, NULL, 6500, 0),
(15292, 15274, NULL, NULL, NULL, NULL, NULL, NULL, NULL, NULL, NULL, NULL, NULL, 0),
(15293, NULL, NULL, NULL, NULL, NULL, NULL, NULL, NULL, NULL, NULL, NULL, NULL, 0),
(15294, NULL, NULL, NULL, NULL, NULL, NULL, NULL, NULL, NULL, NULL, NULL, NULL, 0),
(15295, 15107, NULL, NULL, NULL, NULL, NULL, NULL, NULL, NULL, NULL, NULL, NULL, 0),
(15296, 15275, NULL, NULL, NULL, NULL, NULL, NULL, NULL, NULL, NULL, NULL, NULL, 0),
(15297, 15275, NULL, NULL, NULL, NULL, NULL, NULL, NULL, NULL, NULL, NULL, NULL, 0),
(15298, NULL, NULL, NULL, NULL, NULL, NULL, NULL, NULL, NULL, NULL, NULL, NULL, 0),
(15299, NULL, NULL, NULL, NULL, NULL, NULL, NULL, NULL, NULL, NULL, NULL, NULL, 0),
(15300, NULL, NULL, NULL, NULL, NULL, NULL, NULL, NULL, NULL, NULL, NULL, NULL, 0),
(15301, NULL, NULL, NULL, NULL, NULL, NULL, NULL, NULL, NULL, NULL, NULL, NULL, 0),
(15302, NULL, NULL, NULL, NULL, NULL, NULL, NULL, NULL, NULL, NULL, NULL, NULL, 0),
(15303, NULL, NULL, NULL, NULL, NULL, NULL, NULL, NULL, NULL, NULL, NULL, NULL, 0),
(15304, NULL, NULL, NULL, NULL, NULL, NULL, NULL, NULL, NULL, NULL, NULL, NULL, 0),
(15306, NULL, NULL, NULL, NULL, NULL, NULL, NULL, NULL, NULL, NULL, NULL, NULL, NULL),
(15307, NULL, NULL, NULL, NULL, NULL, NULL, NULL, NULL, NULL, NULL, NULL, NULL, NULL),
(15308, NULL, NULL, NULL, NULL, NULL, NULL, NULL, NULL, NULL, NULL, NULL, NULL, NULL),
(15309, NULL, NULL, NULL, NULL, NULL, NULL, NULL, NULL, NULL, NULL, NULL, NULL, NULL),
(15310, NULL, NULL, NULL, NULL, NULL, NULL, NULL, NULL, NULL, NULL, NULL, NULL, NULL),
(15311, NULL, NULL, NULL, NULL, NULL, NULL, NULL, NULL, NULL, NULL, NULL, NULL, NULL),
(15312, NULL, NULL, NULL, NULL, NULL, NULL, NULL, NULL, NULL, NULL, NULL, NULL, NULL),
(15313, NULL, NULL, NULL, NULL, NULL, NULL, NULL, NULL, NULL, NULL, NULL, NULL, NULL),
(15314, NULL, NULL, NULL, NULL, NULL, NULL, NULL, NULL, NULL, NULL, NULL, 100, NULL),
(15315, NULL, NULL, NULL, NULL, NULL, NULL, NULL, NULL, NULL, NULL, NULL, 200, 0),
(15316, NULL, NULL, NULL, NULL, NULL, NULL, NULL, NULL, NULL, NULL, NULL, 600, 0),
(15317, NULL, NULL, NULL, NULL, NULL, NULL, NULL, NULL, NULL, NULL, NULL, NULL, 0),
(15318, NULL, NULL, NULL, NULL, NULL, NULL, NULL, NULL, NULL, NULL, NULL, NULL, 0),
(15319, NULL, NULL, NULL, NULL, NULL, NULL, NULL, NULL, NULL, NULL, NULL, NULL, 0),
(15320, NULL, NULL, NULL, NULL, NULL, NULL, NULL, NULL, NULL, NULL, NULL, NULL, 0),
(15322, NULL, NULL, NULL, NULL, NULL, NULL, NULL, NULL, NULL, NULL, NULL, NULL, 0),
(15323, NULL, NULL, NULL, NULL, NULL, NULL, NULL, NULL, NULL, NULL, NULL, NULL, 0),
(15324, NULL, NULL, NULL, NULL, NULL, NULL, NULL, NULL, NULL, NULL, NULL, NULL, 0),
(15325, NULL, NULL, NULL, NULL, NULL, NULL, NULL, NULL, NULL, NULL, NULL, NULL, 0),
(15326, NULL, NULL, NULL, NULL, NULL, NULL, NULL, NULL, NULL, NULL, NULL, NULL, 0),
(15327, NULL, NULL, NULL, NULL, NULL, NULL, NULL, NULL, NULL, NULL, NULL, NULL, 0),
(15328, NULL, NULL, NULL, NULL, NULL, NULL, NULL, NULL, NULL, NULL, NULL, NULL, 0),
(15329, NULL, NULL, NULL, NULL, NULL, NULL, NULL, NULL, NULL, NULL, NULL, NULL, 0),
(15330, NULL, NULL, NULL, NULL, NULL, NULL, NULL, NULL, NULL, NULL, NULL, NULL, 0);

-- --------------------------------------------------------

--
-- Table structure for table `orders`
--

CREATE TABLE `orders` (
  `id` int(11) NOT NULL,
  `invoice_id` varchar(50) DEFAULT NULL,
  `customer_id` int(11) DEFAULT NULL,
  `name` varchar(255) DEFAULT NULL,
  `phone` varchar(50) DEFAULT NULL,
  `address` varchar(500) DEFAULT NULL,
  `kelurahan` varchar(255) DEFAULT NULL,
  `kecamatan` varchar(255) DEFAULT NULL,
  `kota` varchar(255) DEFAULT NULL,
  `provinsi` varchar(255) DEFAULT NULL,
  `kode_pos` varchar(10) DEFAULT NULL,
  `latitude` varchar(100) DEFAULT NULL,
  `longitude` varchar(100) DEFAULT NULL,
  `agent_id` int(11) DEFAULT NULL,
  `agent_name` varchar(255) DEFAULT NULL,
  `payment_method` varchar(255) DEFAULT NULL,
  `payment_link` varchar(255) DEFAULT NULL,
  `payment_date` datetime DEFAULT NULL,
  `buy_by` varchar(100) DEFAULT NULL,
  `payment_total` double DEFAULT NULL,
  `coupon_id` int(11) DEFAULT NULL,
  `payment_discount_code` varchar(30) DEFAULT NULL,
  `payment_discount` double DEFAULT NULL,
  `payment_final` double DEFAULT NULL,
  `order_weight` float DEFAULT NULL,
  `order_distance` float DEFAULT 0,
  `delivery_status` int(11) DEFAULT NULL,
  `delivery_fee` double DEFAULT NULL,
  `delivery_track` varchar(255) DEFAULT NULL,
  `delivery_time` varchar(100) DEFAULT NULL,
  `delivery_date` varchar(50) DEFAULT NULL,
  `order_time` datetime DEFAULT NULL,
  `status` varchar(10) DEFAULT NULL
) ENGINE=InnoDB DEFAULT CHARSET=latin1;

--
-- Dumping data for table `orders`
--

INSERT INTO `orders` (`id`, `invoice_id`, `customer_id`, `name`, `phone`, `address`, `kelurahan`, `kecamatan`, `kota`, `provinsi`, `kode_pos`, `latitude`, `longitude`, `agent_id`, `agent_name`, `payment_method`, `payment_link`, `payment_date`, `buy_by`, `payment_total`, `coupon_id`, `payment_discount_code`, `payment_discount`, `payment_final`, `order_weight`, `order_distance`, `delivery_status`, `delivery_fee`, `delivery_track`, `delivery_time`, `delivery_date`, `order_time`, `status`) VALUES
(39990063, 'INV2408201939990063', 15118, 'Rini Rini', NULL, 'pickup', NULL, NULL, NULL, NULL, NULL, NULL, NULL, 15108, 'MYR0013', 'manual', NULL, '2019-08-24 00:00:00', 'customer', 40000, NULL, NULL, 0, 40000, 0, NULL, NULL, 0, NULL, '07.00-10.00', '2019-08-24', '2019-08-24 07:32:01', '4'),
(39990064, 'INV2408201939990064', 15123, 'ika darmayanti', NULL, 'pickup', NULL, NULL, NULL, NULL, NULL, NULL, NULL, 15108, 'MYR0013', 'manual', NULL, '2019-08-24 00:00:00', 'customer', 80000, NULL, NULL, 0, 80000, 0, NULL, NULL, 0, NULL, '07.00-10.00', '2019-08-24', '2019-08-24 07:36:13', '4'),
(39990065, 'INV2408201939990065', 15121, 'Widyarini Ririn', NULL, 'pickup', NULL, NULL, NULL, NULL, NULL, NULL, NULL, 15108, 'MYR0013', 'manual', NULL, '2019-08-24 00:00:00', 'customer', 120000, NULL, NULL, 0, 120000, 0, NULL, NULL, 0, NULL, '07.00-10.00', '2019-08-24', '2019-08-24 07:38:57', '4'),
(39990066, 'INV2408201939990066', 15120, 'Tri Indrayati', NULL, 'pickup', NULL, NULL, NULL, NULL, NULL, NULL, NULL, 15108, 'MYR0013', 'manual', NULL, '2019-08-24 00:00:00', 'customer', 160000, NULL, NULL, 0, 160000, 0, NULL, NULL, 0, NULL, '07.00-10.00', '2019-08-24', '2019-08-24 07:39:37', '4'),
(39990067, 'INV2408201939990067', 15117, 'Rossi Handayani', NULL, 'pickup', NULL, NULL, NULL, NULL, NULL, NULL, NULL, 15108, 'MYR0013', 'manual', NULL, '2019-08-24 00:00:00', 'customer', 160000, NULL, NULL, 0, 160000, 0, NULL, NULL, 0, NULL, '07.00-10.00', '2019-08-24', '2019-08-24 07:40:13', '4'),
(39990068, 'INV2408201939990068', 15124, 'Evi Sutiyani', NULL, 'pickup', NULL, NULL, NULL, NULL, NULL, NULL, NULL, 15108, 'MYR0013', 'manual', NULL, '2019-08-24 00:00:00', 'customer', 40000, NULL, NULL, 0, 40000, 0, NULL, NULL, 0, NULL, '07.00-10.00', '2019-08-24', '2019-08-24 07:43:42', '4'),
(39990069, 'INV2408201939990069', 15123, 'ika darmayanti', NULL, 'pickup', NULL, NULL, NULL, NULL, NULL, NULL, NULL, 15108, 'MYR0013', 'manual', NULL, '2019-08-24 00:00:00', 'customer', 80000, NULL, NULL, 0, 80000, 0, NULL, NULL, 0, NULL, '07.00-10.00', '2019-08-24', '2019-08-24 07:45:04', '4'),
(39990070, 'INV2408201939990070', 15123, 'ika darmayanti', NULL, 'pickup', NULL, NULL, NULL, NULL, NULL, NULL, NULL, 15108, 'MYR0013', 'manual', NULL, '2019-08-24 00:00:00', 'customer', 80000, NULL, NULL, 0, 80000, 0, NULL, NULL, 0, NULL, '07.00-10.00', '2019-08-24', '2019-08-24 07:47:41', '4'),
(39990071, 'INV2408201939990071', 15125, 'Diah ernawati Diah', NULL, 'pickup', NULL, NULL, NULL, NULL, NULL, NULL, NULL, 15108, 'MYR0013', 'manual', NULL, '2019-08-24 00:00:00', 'customer', 160000, NULL, NULL, 0, 160000, 0, NULL, NULL, 0, NULL, '07.00-10.00', '2019-08-24', '2019-08-24 07:55:44', '4'),
(39990072, 'INV2408201939990072', 15130, 'Sondang Tobing', NULL, 'pickup', NULL, NULL, NULL, NULL, NULL, NULL, NULL, 15108, 'MYR0013', 'manual', NULL, '2019-08-24 00:00:00', 'customer', 160000, NULL, NULL, 0, 160000, 0, NULL, NULL, 0, NULL, '07.00-10.00', '2019-08-24', '2019-08-24 07:58:51', '4'),
(39990073, 'INV2408201939990073', 15121, 'Widyarini Ririn', NULL, 'pickup', NULL, NULL, NULL, NULL, NULL, NULL, NULL, 15108, 'MYR0013', 'manual', NULL, '2019-08-24 00:00:00', 'customer', 80000, NULL, NULL, 0, 80000, 0, NULL, NULL, 0, NULL, '07.00-10.00', '2019-08-24', '2019-08-24 08:06:28', '4'),
(39990074, 'INV2408201939990074', 15132, 'Tety Panjaitan', NULL, 'pickup', NULL, NULL, NULL, NULL, NULL, NULL, NULL, 15108, 'MYR0013', 'credit_card', NULL, '2019-08-27 21:21:41', 'customer', 40000, NULL, NULL, 0, 40000, 0, NULL, NULL, 0, NULL, '07.00-10.00', '2019-08-24', '2019-08-24 08:08:20', '4'),
(39990075, 'INV2408201939990075', 15132, 'Tety Panjaitan', NULL, 'pickup', NULL, NULL, NULL, NULL, NULL, NULL, NULL, 15108, 'MYR0013', 'manual', NULL, '2019-08-24 00:00:00', 'customer', 40000, NULL, NULL, 0, 60000, 0, NULL, NULL, 0, NULL, '07.00-10.00', '2019-08-24', '2019-08-24 08:08:41', '4'),
(39990076, 'INV2408201939990076', 15132, 'Tety Panjaitan', NULL, 'pickup', NULL, NULL, NULL, NULL, NULL, NULL, NULL, 15108, 'MYR0013', 'manual', NULL, '2019-08-24 00:00:00', 'customer', 160000, NULL, NULL, 0, 180000, 0, NULL, NULL, 0, NULL, '07.00-10.00', '2019-08-24', '2019-08-24 08:09:34', '4'),
(39990077, 'INV2408201939990077', 15133, 'Ita Tresia', NULL, 'pickup', NULL, NULL, NULL, NULL, NULL, NULL, NULL, 15108, 'MYR0013', 'manual', NULL, '2019-08-24 00:00:00', 'customer', 80000, NULL, NULL, 0, 80000, 0, NULL, NULL, 0, NULL, '07.00-10.00', '2019-08-24', '2019-08-24 08:09:49', '4'),
(39990078, 'INV2408201939990078', 15134, 'Aprilia Lia', NULL, 'pickup', NULL, NULL, NULL, NULL, NULL, NULL, NULL, 15108, 'MYR0013', 'manual', NULL, '2019-08-24 00:00:00', 'customer', 80000, NULL, NULL, 0, 80000, 0, NULL, NULL, 0, NULL, '07.00-10.00', '2019-08-24', '2019-08-24 08:13:51', '4'),
(39990079, 'INV2408201939990079', 15138, 'Juwita Suhartini', NULL, 'pickup', NULL, NULL, NULL, NULL, NULL, NULL, NULL, 15108, 'MYR0013', 'manual', NULL, '2019-08-24 00:00:00', 'customer', 160000, NULL, NULL, 0, 160000, 0, NULL, NULL, 0, NULL, '07.00-10.00', '2019-08-24', '2019-08-24 08:18:43', '4'),
(39990080, 'INV2408201939990080', 15135, 'Mintarsih Mimin', NULL, 'pickup', NULL, NULL, NULL, NULL, NULL, NULL, NULL, 15108, 'MYR0013', 'manual', NULL, '2019-08-24 00:00:00', 'customer', 160000, NULL, NULL, 0, 160000, 0, NULL, NULL, 0, NULL, '07.00-10.00', '2019-08-24', '2019-08-24 08:19:18', '4'),
(39990081, 'INV2408201939990081', 15136, 'Gena putri Ningrum', NULL, 'pickup', NULL, NULL, NULL, NULL, NULL, NULL, NULL, 15108, 'MYR0013', 'manual', NULL, '2019-08-24 00:00:00', 'customer', 160000, NULL, NULL, 0, 180000, 0, NULL, NULL, 0, NULL, '07.00-10.00', '2019-08-24', '2019-08-24 08:22:14', '4'),
(39990082, 'INV2408201939990082', 15141, 'kumala sari yuana', NULL, 'pickup', NULL, NULL, NULL, NULL, NULL, NULL, NULL, 15108, 'MYR0013', 'manual', NULL, '2019-08-24 00:00:00', 'customer', 80000, NULL, NULL, 0, 80000, 0, NULL, NULL, 0, NULL, '07.00-10.00', '2019-08-24', '2019-08-24 08:22:14', '4'),
(39990083, 'INV2408201939990083', 15143, 'Trilianti .', NULL, 'pickup', NULL, NULL, NULL, NULL, NULL, NULL, NULL, 15108, 'MYR0013', 'manual', NULL, '2019-08-24 00:00:00', 'customer', 160000, NULL, NULL, 0, 160000, 0, NULL, NULL, 0, NULL, '07.00-10.00', '2019-08-24', '2019-08-24 08:22:19', '4'),
(39990084, 'INV2408201939990084', 15136, 'Gena putri Ningrum', NULL, 'pickup', NULL, NULL, NULL, NULL, NULL, NULL, NULL, 15108, 'MYR0013', 'manual', NULL, '2019-08-24 00:00:00', 'customer', 160000, NULL, NULL, 0, 180000, 0, NULL, NULL, 0, NULL, '07.00-10.00', '2019-08-24', '2019-08-24 08:22:28', '4'),
(39990085, 'INV2408201939990085', 15140, 'Irma nurhayati Irma', NULL, 'pickup', NULL, NULL, NULL, NULL, NULL, NULL, NULL, 15108, 'MYR0013', 'manual', NULL, '2019-08-24 00:00:00', 'customer', 40000, NULL, NULL, 0, 40000, 0, NULL, NULL, 0, NULL, '07.00-10.00', '2019-08-24', '2019-08-24 08:24:03', '4'),
(39990086, 'INV2408201939990086', 15144, 'Hadid Soamole', NULL, 'pickup', NULL, NULL, NULL, NULL, NULL, NULL, NULL, 15108, 'MYR0013', 'manual', NULL, '2019-08-24 00:00:00', 'customer', 40000, NULL, NULL, 0, 40000, 0, NULL, NULL, 0, NULL, '07.00-10.00', '2019-08-24', '2019-08-24 08:25:37', '4'),
(39990087, 'INV2408201939990087', 15139, 'Devi Hasanah', NULL, 'pickup', NULL, NULL, NULL, NULL, NULL, NULL, NULL, 15108, 'MYR0013', 'manual', NULL, '2019-08-24 00:00:00', 'customer', 160000, NULL, NULL, 0, 160000, 0, NULL, NULL, 0, NULL, '07.00-10.00', '2019-08-24', '2019-08-24 08:26:13', '4'),
(39990088, 'INV2408201939990088', 15131, 'Hesti Widyawati', NULL, 'pickup', NULL, NULL, NULL, NULL, NULL, NULL, NULL, 15108, 'MYR0013', 'manual', NULL, '2019-08-24 00:00:00', 'customer', 160000, NULL, NULL, 0, 160000, 0, NULL, NULL, 0, NULL, '07.00-10.00', '2019-08-24', '2019-08-24 08:26:15', '4'),
(39990089, 'INV2408201939990089', 15148, 'Nia Fitriyani', NULL, 'pickup', NULL, NULL, NULL, NULL, NULL, NULL, NULL, 15108, 'MYR0013', 'manual', NULL, '2019-08-24 00:00:00', 'customer', 40000, NULL, NULL, 0, 40000, 0, NULL, NULL, 0, NULL, '07.00-10.00', '2019-08-24', '2019-08-24 08:28:21', '4'),
(39990090, 'INV2408201939990090', 15142, 'Jum Jumirah', NULL, 'pickup', NULL, NULL, NULL, NULL, NULL, NULL, NULL, 15108, 'MYR0013', 'manual', NULL, '2019-08-24 00:00:00', 'customer', 80000, NULL, NULL, 0, 100000, 0, NULL, NULL, 0, NULL, '07.00-10.00', '2019-08-24', '2019-08-24 08:29:21', '4'),
(39990091, 'INV2408201939990091', 15142, 'Jum Jumirah', NULL, 'pickup', NULL, NULL, NULL, NULL, NULL, NULL, NULL, 15108, 'MYR0013', 'manual', NULL, '2019-08-24 00:00:00', 'customer', 160000, NULL, NULL, 0, 180000, 0, NULL, NULL, 0, NULL, '07.00-10.00', '2019-08-24', '2019-08-24 08:30:11', '4'),
(39990092, 'INV2408201939990092', 15149, 'Pardomuan Tambunan', NULL, 'pickup', NULL, NULL, NULL, NULL, NULL, NULL, NULL, 15108, 'MYR0013', 'manual', NULL, '2019-08-24 00:00:00', 'customer', 80000, NULL, NULL, 0, 80000, 0, NULL, NULL, 0, NULL, '07.00-10.00', '2019-08-24', '2019-08-24 08:31:10', '4'),
(39990093, 'INV2408201939990093', 15150, 'Resti Wahyuningsih', NULL, 'pickup', NULL, NULL, NULL, NULL, NULL, NULL, NULL, 15108, 'MYR0013', 'manual', NULL, '2019-08-24 00:00:00', 'customer', 160000, NULL, NULL, 0, 160000, 0, NULL, NULL, 0, NULL, '07.00-10.00', '2019-08-24', '2019-08-24 08:31:46', '4'),
(39990094, 'INV2408201939990094', 15154, 'debby debora', NULL, 'pickup', NULL, NULL, NULL, NULL, NULL, NULL, NULL, 15108, 'MYR0013', 'manual', NULL, '2019-08-24 00:00:00', 'customer', 120000, NULL, NULL, 0, 120000, 0, NULL, NULL, 0, NULL, '07.00-10.00', '2019-08-24', '2019-08-24 08:32:15', '4'),
(39990095, 'INV2408201939990095', 15149, 'Pardomuan Tambunan', NULL, 'pickup', NULL, NULL, NULL, NULL, NULL, NULL, NULL, 15108, 'MYR0013', 'manual', NULL, '2019-08-24 00:00:00', 'customer', 80000, NULL, NULL, 0, 80000, 0, NULL, NULL, 0, NULL, '07.00-10.00', '2019-08-24', '2019-08-24 08:32:50', '4'),
(39990096, 'INV2408201939990096', 15153, 'Aisha Salsabila', NULL, 'pickup', NULL, NULL, NULL, NULL, NULL, NULL, NULL, 15108, 'MYR0013', 'manual', NULL, '2019-08-24 00:00:00', 'customer', 40000, NULL, NULL, 0, 40000, 0, NULL, NULL, 0, NULL, '07.00-10.00', '2019-08-24', '2019-08-24 08:33:05', '4'),
(39990097, 'INV2408201939990097', 15154, 'debby debora', NULL, 'pickup', NULL, NULL, NULL, NULL, NULL, NULL, NULL, 15108, 'MYR0013', 'manual', NULL, '2019-08-24 00:00:00', 'customer', 40000, NULL, NULL, 0, 40000, 0, NULL, NULL, 0, NULL, '07.00-10.00', '2019-08-24', '2019-08-24 08:34:18', '4'),
(39990098, 'INV2408201939990098', 15157, 'iyan iyan', NULL, 'pickup', NULL, NULL, NULL, NULL, NULL, NULL, NULL, 15108, 'MYR0013', 'manual', NULL, '2019-08-24 00:00:00', 'customer', 160000, NULL, NULL, 0, 160000, 0, NULL, NULL, 0, NULL, '07.00-10.00', '2019-08-24', '2019-08-24 08:35:08', '4'),
(39990099, 'INV2408201939990099', 15157, 'iyan iyan', NULL, 'pickup', NULL, NULL, NULL, NULL, NULL, NULL, NULL, 15108, 'MYR0013', 'manual', NULL, '2019-08-24 00:00:00', 'customer', 80000, NULL, NULL, 0, 80000, 0, NULL, NULL, 0, NULL, '07.00-10.00', '2019-08-24', '2019-08-24 08:36:23', '4'),
(39990101, 'INV2408201939990101', 15154, 'debby debora', NULL, 'pickup', NULL, NULL, NULL, NULL, NULL, NULL, NULL, 15108, 'MYR0013', 'manual', NULL, '2019-08-24 00:00:00', 'customer', 40000, NULL, NULL, 0, 40000, 0, NULL, NULL, 0, NULL, '07.00-10.00', '2019-08-24', '2019-08-24 08:38:03', '4'),
(39990102, 'INV2408201939990102', 15156, 'Eka yuliastuti yulias tuti', NULL, 'pickup', NULL, NULL, NULL, NULL, NULL, NULL, NULL, 15108, 'MYR0013', 'manual', NULL, '2019-08-24 00:00:00', 'customer', 80000, NULL, NULL, 0, 80000, 0, NULL, NULL, 0, NULL, '07.00-10.00', '2019-08-24', '2019-08-24 08:39:12', '4'),
(39990103, 'INV2408201939990103', 15160, 'Edi Edi', NULL, 'pickup', NULL, NULL, NULL, NULL, NULL, NULL, NULL, 15108, 'MYR0013', 'manual', NULL, '2019-08-24 00:00:00', 'customer', 80000, NULL, NULL, 0, 80000, 0, NULL, NULL, 0, NULL, '07.00-10.00', '2019-08-24', '2019-08-24 08:41:54', '4'),
(39990104, 'INV2408201939990104', 15158, 'Agus Tini', NULL, 'pickup', NULL, NULL, NULL, NULL, NULL, NULL, NULL, 15108, 'MYR0013', 'manual', NULL, '2019-08-24 00:00:00', 'customer', 160000, NULL, NULL, 0, 160000, 0, NULL, NULL, 0, NULL, '07.00-10.00', '2019-08-24', '2019-08-24 08:42:48', '4'),
(39990105, 'INV2408201939990105', 15161, 'Kurnia Wati', NULL, 'pickup', NULL, NULL, NULL, NULL, NULL, NULL, NULL, 15108, 'MYR0013', 'manual', NULL, '2019-08-24 00:00:00', 'customer', 40000, NULL, NULL, 0, 40000, 0, NULL, NULL, 0, NULL, '07.00-10.00', '2019-08-24', '2019-08-24 08:44:40', '4'),
(39990106, 'INV2408201939990106', 15154, 'debby debora', NULL, 'pickup', NULL, NULL, NULL, NULL, NULL, NULL, NULL, 15108, 'MYR0013', 'manual', NULL, '2019-08-24 00:00:00', 'customer', 40000, NULL, NULL, 0, 40000, 0, NULL, NULL, 0, NULL, '07.00-10.00', '2019-08-24', '2019-08-24 08:45:49', '4'),
(39990107, 'INV2408201939990107', 15162, 'Rustiyanty -', NULL, 'pickup', NULL, NULL, NULL, NULL, NULL, NULL, NULL, 15108, 'MYR0013', 'manual', NULL, '2019-08-24 00:00:00', 'customer', 40000, NULL, NULL, 0, 40000, 0, NULL, NULL, 0, NULL, '07.00-10.00', '2019-08-24', '2019-08-24 08:45:56', '4'),
(39990108, 'INV2408201939990108', 15163, 'Haryati Ilhami', NULL, 'pickup', NULL, NULL, NULL, NULL, NULL, NULL, NULL, 15108, 'MYR0013', 'manual', NULL, '2019-08-24 00:00:00', 'customer', 160000, NULL, NULL, 0, 160000, 0, NULL, NULL, 0, NULL, '07.00-10.00', '2019-08-24', '2019-08-24 08:47:41', '4'),
(39990109, 'INV2408201939990109', 15163, 'Haryati Ilhami', NULL, 'pickup', NULL, NULL, NULL, NULL, NULL, NULL, NULL, 15108, 'MYR0013', 'manual', NULL, '2019-08-24 00:00:00', 'customer', 80000, NULL, NULL, 0, 80000, 0, NULL, NULL, 0, NULL, '07.00-10.00', '2019-08-24', '2019-08-24 08:49:33', '4'),
(39990110, 'INV2408201939990110', 15168, 'Juliyah Fitriasih', NULL, 'pickup', NULL, NULL, NULL, NULL, NULL, NULL, NULL, 15108, 'MYR0013', 'manual', NULL, '2019-08-24 00:00:00', 'customer', 160000, NULL, NULL, 0, 160000, 0, NULL, NULL, 0, NULL, '07.00-10.00', '2019-08-24', '2019-08-24 08:49:57', '4'),
(39990111, 'INV2408201939990111', 15156, 'Eka yuliastuti yulias tuti', NULL, 'pickup', NULL, NULL, NULL, NULL, NULL, NULL, NULL, 15108, 'MYR0013', 'manual', NULL, '2019-08-24 00:00:00', 'customer', 120000, NULL, NULL, 0, 120000, 0, NULL, NULL, 0, NULL, '07.00-10.00', '2019-08-24', '2019-08-24 08:52:40', '4'),
(39990112, 'INV2408201939990112', 15164, 'Yuli Kurniawan', NULL, 'pickup', NULL, NULL, NULL, NULL, NULL, NULL, NULL, 15108, 'MYR0013', 'manual', NULL, '2019-08-24 00:00:00', 'customer', 120000, NULL, NULL, 0, 120000, 0, NULL, NULL, 0, NULL, '07.00-10.00', '2019-08-24', '2019-08-24 08:53:24', '4'),
(39990113, 'INV2408201939990113', 15166, 'Lusi Ana', NULL, 'pickup', NULL, NULL, NULL, NULL, NULL, NULL, NULL, 15108, 'MYR0013', 'manual', NULL, '2019-08-24 00:00:00', 'customer', 80000, NULL, NULL, 0, 80000, 0, NULL, NULL, 0, NULL, '07.00-10.00', '2019-08-24', '2019-08-24 08:54:50', '4'),
(39990114, 'INV2408201939990114', 15170, 'Titi wiranti ,', NULL, 'pickup', NULL, NULL, NULL, NULL, NULL, NULL, NULL, 15108, 'MYR0013', 'manual', NULL, '2019-08-24 00:00:00', 'customer', 40000, NULL, NULL, 0, 40000, 0, NULL, NULL, 0, NULL, '07.00-10.00', '2019-08-24', '2019-08-24 08:55:26', '4'),
(39990115, 'INV2408201939990115', 15153, 'Aisha Salsabila', NULL, 'pickup', NULL, NULL, NULL, NULL, NULL, NULL, NULL, 15108, 'MYR0013', 'manual', NULL, '2019-08-24 00:00:00', 'customer', 80000, NULL, NULL, 0, 80000, 0, NULL, NULL, 0, NULL, '07.00-10.00', '2019-08-24', '2019-08-24 08:55:59', '4'),
(39990116, 'INV2408201939990116', 15164, 'Yuli Kurniawan', NULL, 'pickup', NULL, NULL, NULL, NULL, NULL, NULL, NULL, 15108, 'MYR0013', 'manual', NULL, '2019-08-24 00:00:00', 'customer', 120000, NULL, NULL, 0, 120000, 0, NULL, NULL, 0, NULL, '07.00-10.00', '2019-08-24', '2019-08-24 08:56:05', '4'),
(39990117, 'INV2408201939990117', 15171, 'Dika dwi andhika', NULL, 'pickup', NULL, NULL, NULL, NULL, NULL, NULL, NULL, 15108, 'MYR0013', 'manual', NULL, '2019-08-24 00:00:00', 'customer', 80000, NULL, NULL, 0, 80000, 0, NULL, NULL, 0, NULL, '07.00-10.00', '2019-08-24', '2019-08-24 08:57:50', '4'),
(39990118, 'INV2408201939990118', 15172, 'Alex Edward', NULL, 'pickup', NULL, NULL, NULL, NULL, NULL, NULL, NULL, 15108, 'MYR0013', 'manual', NULL, '2019-08-24 00:00:00', 'customer', 80000, NULL, NULL, 0, 80000, 0, NULL, NULL, 0, NULL, '07.00-10.00', '2019-08-24', '2019-08-24 08:58:11', '4'),
(39990119, 'INV2408201939990119', 15122, 'Nuraeni Oktavia', NULL, 'pickup', NULL, NULL, NULL, NULL, NULL, NULL, NULL, 15108, 'MYR0013', 'manual', NULL, '2019-08-24 00:00:00', 'customer', 40000, NULL, NULL, 0, 40000, 0, NULL, NULL, 0, NULL, '07.00-10.00', '2019-08-24', '2019-08-24 08:58:28', '4'),
(39990120, 'INV2408201939990120', 15169, 'Faevi Bb', NULL, 'pickup', NULL, NULL, NULL, NULL, NULL, NULL, NULL, 15108, 'MYR0013', 'manual', NULL, '2019-08-24 00:00:00', 'customer', 80000, NULL, NULL, 0, 80000, 0, NULL, NULL, 0, NULL, '07.00-10.00', '2019-08-24', '2019-08-24 09:00:48', '4'),
(39990121, 'INV2408201939990121', 15169, 'Faevi Bb', NULL, 'pickup', NULL, NULL, NULL, NULL, NULL, NULL, NULL, 15108, 'MYR0013', 'manual', NULL, '2019-08-24 00:00:00', 'customer', 40000, NULL, NULL, 0, 40000, 0, NULL, NULL, 0, NULL, '07.00-10.00', '2019-08-24', '2019-08-24 09:01:41', '4'),
(39990122, 'INV2408201939990122', 15175, 'Siti Jariyah', NULL, 'pickup', NULL, NULL, NULL, NULL, NULL, NULL, NULL, 15108, 'MYR0013', 'manual', NULL, '2019-08-24 00:00:00', 'customer', 80000, NULL, NULL, 0, 80000, 0, NULL, NULL, 0, NULL, '07.00-10.00', '2019-08-24', '2019-08-24 09:02:54', '4'),
(39990123, 'INV2408201939990123', 15161, 'Kurnia Wati', NULL, 'pickup', NULL, NULL, NULL, NULL, NULL, NULL, NULL, 15108, 'MYR0013', 'manual', NULL, '2019-08-24 00:00:00', 'customer', 80000, NULL, NULL, 0, 80000, 0, NULL, NULL, 0, NULL, '07.00-10.00', '2019-08-24', '2019-08-24 09:03:38', '4'),
(39990124, 'INV2408201939990124', 15167, 'Natalia Angriany', NULL, 'pickup', NULL, NULL, NULL, NULL, NULL, NULL, NULL, 15108, 'MYR0013', 'manual', NULL, '2019-08-24 00:00:00', 'customer', 120000, NULL, NULL, 0, 120000, 0, NULL, NULL, 0, NULL, '07.00-10.00', '2019-08-24', '2019-08-24 09:04:56', '4'),
(39990125, 'INV2408201939990125', 15174, 'Sri Slamet', NULL, 'pickup', NULL, NULL, NULL, NULL, NULL, NULL, NULL, 15108, 'MYR0013', 'manual', NULL, '2019-08-24 00:00:00', 'customer', 160000, NULL, NULL, 0, 160000, 0, NULL, NULL, 0, NULL, '07.00-10.00', '2019-08-24', '2019-08-24 09:10:14', '4'),
(39990126, 'INV2408201939990126', 15176, 'nauli simanjuntak', NULL, 'pickup', NULL, NULL, NULL, NULL, NULL, NULL, NULL, 15108, 'MYR0013', 'manual', NULL, '2019-08-24 00:00:00', 'customer', 40000, NULL, NULL, 0, 40000, 0, NULL, NULL, 0, NULL, '07.00-10.00', '2019-08-24', '2019-08-24 09:12:46', '4'),
(39990127, 'INV2408201939990127', 15176, 'nauli simanjuntak', NULL, 'pickup', NULL, NULL, NULL, NULL, NULL, NULL, NULL, 15108, 'MYR0013', 'manual', NULL, '2019-08-24 00:00:00', 'customer', 40000, NULL, NULL, 0, 40000, 0, NULL, NULL, 0, NULL, '07.00-10.00', '2019-08-24', '2019-08-24 09:12:53', '4'),
(39990128, 'INV2408201939990128', 15176, 'nauli simanjuntak', NULL, 'pickup', NULL, NULL, NULL, NULL, NULL, NULL, NULL, 15108, 'MYR0013', 'manual', NULL, '2019-08-24 00:00:00', 'customer', 40000, NULL, NULL, 0, 40000, 0, NULL, NULL, 0, NULL, '07.00-10.00', '2019-08-24', '2019-08-24 09:12:54', '4'),
(39990129, 'INV2408201939990129', 15177, 'Yulinda Linda', NULL, 'pickup', NULL, NULL, NULL, NULL, NULL, NULL, NULL, 15108, 'MYR0013', 'manual', NULL, '2019-08-24 00:00:00', 'customer', 160000, NULL, NULL, 0, 160000, 0, NULL, NULL, 0, NULL, '07.00-10.00', '2019-08-24', '2019-08-24 09:14:28', '4'),
(39990130, 'INV2408201939990130', 15176, 'nauli simanjuntak', NULL, 'pickup', NULL, NULL, NULL, NULL, NULL, NULL, NULL, 15108, 'MYR0013', 'manual', NULL, '2019-08-24 00:00:00', 'customer', 80000, NULL, NULL, 0, 80000, 0, NULL, NULL, 0, NULL, '07.00-10.00', '2019-08-24', '2019-08-24 09:14:52', '4'),
(39990131, 'INV2408201939990131', 15178, 'Nur Bani', NULL, 'pickup', NULL, NULL, NULL, NULL, NULL, NULL, NULL, 15108, 'MYR0013', 'manual', NULL, '2019-08-24 00:00:00', 'customer', 160000, NULL, NULL, 0, 160000, 0, NULL, NULL, 0, NULL, '07.00-10.00', '2019-08-24', '2019-08-24 09:15:32', '4'),
(39990132, 'INV2408201939990132', 15177, 'Yulinda Linda', NULL, 'pickup', NULL, NULL, NULL, NULL, NULL, NULL, NULL, 15108, 'MYR0013', 'manual', NULL, '2019-08-24 00:00:00', 'customer', 160000, NULL, NULL, 0, 160000, 0, NULL, NULL, 0, NULL, '07.00-10.00', '2019-08-24', '2019-08-24 09:15:39', '4'),
(39990133, 'INV2408201939990133', 15179, 'Purwati -', NULL, 'pickup', NULL, NULL, NULL, NULL, NULL, NULL, NULL, 15108, 'MYR0013', 'manual', NULL, '2019-08-24 00:00:00', 'customer', 40000, NULL, NULL, 0, 40000, 0, NULL, NULL, 0, NULL, '07.00-10.00', '2019-08-24', '2019-08-24 09:16:19', '4'),
(39990134, 'INV2408201939990134', 15141, 'kumala sari yuana', NULL, 'pickup', NULL, NULL, NULL, NULL, NULL, NULL, NULL, 15108, 'MYR0013', 'manual', NULL, '2019-08-24 00:00:00', 'customer', 80000, NULL, NULL, 0, 80000, 0, NULL, NULL, 0, NULL, '07.00-10.00', '2019-08-24', '2019-08-24 09:17:37', '4'),
(39990135, 'INV2408201939990135', 15180, 'Tutut Handayani', NULL, 'pickup', NULL, NULL, NULL, NULL, NULL, NULL, NULL, 15108, 'MYR0013', 'manual', NULL, '2019-08-24 00:00:00', 'customer', 40000, NULL, NULL, 0, 40000, 0, NULL, NULL, 0, NULL, '07.00-10.00', '2019-08-24', '2019-08-24 09:17:41', '4'),
(39990136, 'INV2408201939990136', 15180, 'Tutut Handayani', NULL, 'pickup', NULL, NULL, NULL, NULL, NULL, NULL, NULL, 15108, 'MYR0013', 'manual', NULL, '2019-08-24 00:00:00', 'customer', 40000, NULL, NULL, 0, 40000, 0, NULL, NULL, 0, NULL, '07.00-10.00', '2019-08-24', '2019-08-24 09:17:56', '4'),
(39990137, 'INV2408201939990137', 15141, 'kumala sari yuana', NULL, 'pickup', NULL, NULL, NULL, NULL, NULL, NULL, NULL, 15108, 'MYR0013', 'manual', NULL, '2019-08-24 00:00:00', 'customer', 40000, NULL, NULL, 0, 40000, 0, NULL, NULL, 0, NULL, '07.00-10.00', '2019-08-24', '2019-08-24 09:19:02', '4'),
(39990138, 'INV2408201939990138', 15182, 'Cucu .', NULL, 'pickup', NULL, NULL, NULL, NULL, NULL, NULL, NULL, 15108, 'MYR0013', 'manual', NULL, '2019-08-24 00:00:00', 'customer', 80000, NULL, NULL, 0, 80000, 0, NULL, NULL, 0, NULL, '07.00-10.00', '2019-08-24', '2019-08-24 09:19:15', '4'),
(39990139, 'INV2408201939990139', 15183, 'Nur Hayati', NULL, 'pickup', NULL, NULL, NULL, NULL, NULL, NULL, NULL, 15108, 'MYR0013', 'manual', NULL, '2019-08-24 00:00:00', 'customer', 80000, NULL, NULL, 0, 80000, 0, NULL, NULL, 0, NULL, '07.00-10.00', '2019-08-24', '2019-08-24 09:19:29', '4'),
(39990140, 'INV2408201939990140', 15181, 'nova aryanti nova', NULL, 'pickup', NULL, NULL, NULL, NULL, NULL, NULL, NULL, 15108, 'MYR0013', 'manual', NULL, '2019-08-24 00:00:00', 'customer', 40000, NULL, NULL, 0, 40000, 0, NULL, NULL, 0, NULL, '07.00-10.00', '2019-08-24', '2019-08-24 09:22:20', '4'),
(39990141, 'INV2408201939990141', 15186, 'Marsiah M', NULL, 'pickup', NULL, NULL, NULL, NULL, NULL, NULL, NULL, 15108, 'MYR0013', 'manual', NULL, '2019-08-24 00:00:00', 'customer', 120000, NULL, NULL, 0, 120000, 0, NULL, NULL, 0, NULL, '07.00-10.00', '2019-08-24', '2019-08-24 09:23:18', '4'),
(39990142, 'INV2408201939990142', 15185, 'Tini Tini', NULL, 'pickup', NULL, NULL, NULL, NULL, NULL, NULL, NULL, 15108, 'MYR0013', 'manual', NULL, '2019-08-24 00:00:00', 'customer', 160000, NULL, NULL, 0, 160000, 0, NULL, NULL, 0, NULL, '07.00-10.00', '2019-08-24', '2019-08-24 09:23:18', '4'),
(39990143, 'INV2408201939990143', 15145, 'Siti Nuraini', NULL, 'pickup', NULL, NULL, NULL, NULL, NULL, NULL, NULL, 15108, 'MYR0013', 'manual', NULL, '2019-08-24 00:00:00', 'customer', 160000, NULL, NULL, 0, 160000, 0, NULL, NULL, 0, NULL, '07.00-10.00', '2019-08-24', '2019-08-24 09:24:55', '4'),
(39990144, 'INV2408201939990144', 15176, 'nauli simanjuntak', NULL, 'pickup', NULL, NULL, NULL, NULL, NULL, NULL, NULL, 15108, 'MYR0013', 'manual', NULL, '2019-08-24 00:00:00', 'customer', 40000, NULL, NULL, 0, 40000, 0, NULL, NULL, 0, NULL, '07.00-10.00', '2019-08-24', '2019-08-24 09:26:02', '4'),
(39990145, 'INV2408201939990145', 15187, 'Rika Kurdiana', NULL, 'pickup', NULL, NULL, NULL, NULL, NULL, NULL, NULL, 15108, 'MYR0013', 'manual', NULL, '2019-08-24 00:00:00', 'customer', 80000, NULL, NULL, 0, 80000, 0, NULL, NULL, 0, NULL, '07.00-10.00', '2019-08-24', '2019-08-24 09:26:33', '4'),
(39990146, 'INV2408201939990146', 15184, 'Ari Tutiningsih', NULL, 'pickup', NULL, NULL, NULL, NULL, NULL, NULL, NULL, 15108, 'MYR0013', 'manual', NULL, '2019-08-24 00:00:00', 'customer', 80000, NULL, NULL, 0, 80000, 0, NULL, NULL, 0, NULL, '07.00-10.00', '2019-08-24', '2019-08-24 09:26:41', '4'),
(39990147, 'INV2408201939990147', 15184, 'Ari Tutiningsih', NULL, 'pickup', NULL, NULL, NULL, NULL, NULL, NULL, NULL, 15108, 'MYR0013', 'manual', NULL, '2019-08-24 00:00:00', 'customer', 80000, NULL, NULL, 0, 80000, 0, NULL, NULL, 0, NULL, '07.00-10.00', '2019-08-24', '2019-08-24 09:28:19', '4'),
(39990148, 'INV2408201939990148', 15188, 'Rince Octavianus', NULL, 'pickup', NULL, NULL, NULL, NULL, NULL, NULL, NULL, 15108, 'MYR0013', 'manual', NULL, '2019-08-24 00:00:00', 'customer', 120000, NULL, NULL, 0, 120000, 0, NULL, NULL, 0, NULL, '07.00-10.00', '2019-08-24', '2019-08-24 09:28:34', '4'),
(39990149, 'INV2408201939990149', 15191, 'Marcelino Alvianto', NULL, 'pickup', NULL, NULL, NULL, NULL, NULL, NULL, NULL, 15108, 'MYR0013', 'manual', NULL, '2019-08-24 00:00:00', 'customer', 160000, NULL, NULL, 0, 160000, 0, NULL, NULL, 0, NULL, '07.00-10.00', '2019-08-24', '2019-08-24 09:33:19', '4'),
(39990150, 'INV2408201939990150', 15179, 'Purwati -', NULL, 'pickup', NULL, NULL, NULL, NULL, NULL, NULL, NULL, 15108, 'MYR0013', 'manual', NULL, '2019-08-24 00:00:00', 'customer', 40000, NULL, NULL, 0, 40000, 0, NULL, NULL, 0, NULL, '07.00-10.00', '2019-08-24', '2019-08-24 09:35:52', '4'),
(39990151, 'INV2408201939990151', 15193, 'Yuyun Widiyanti', NULL, 'pickup', NULL, NULL, NULL, NULL, NULL, NULL, NULL, 15108, 'MYR0013', 'manual', NULL, '2019-08-24 00:00:00', 'customer', 120000, NULL, NULL, 0, 120000, 0, NULL, NULL, 0, NULL, '07.00-10.00', '2019-08-24', '2019-08-24 09:37:19', '4'),
(39990152, 'INV2408201939990152', 15189, 'Heru Hermawan', NULL, 'pickup', NULL, NULL, NULL, NULL, NULL, NULL, NULL, 15108, 'MYR0013', 'manual', NULL, '2019-08-24 00:00:00', 'customer', 80000, NULL, NULL, 0, 80000, 0, NULL, NULL, 0, NULL, '07.00-10.00', '2019-08-24', '2019-08-24 09:38:47', '4'),
(39990153, 'INV2408201939990153', 15194, 'Toni Simamora', NULL, 'pickup', NULL, NULL, NULL, NULL, NULL, NULL, NULL, 15108, 'MYR0013', 'manual', NULL, '2019-08-24 00:00:00', 'customer', 80000, NULL, NULL, 0, 80000, 0, NULL, NULL, 0, NULL, '07.00-10.00', '2019-08-24', '2019-08-24 09:39:56', '4'),
(39990154, 'INV2408201939990154', 15189, 'Heru Hermawan', NULL, 'pickup', NULL, NULL, NULL, NULL, NULL, NULL, NULL, 15108, 'MYR0013', 'manual', NULL, '2019-08-24 00:00:00', 'customer', 40000, NULL, NULL, 0, 40000, 0, NULL, NULL, 0, NULL, '07.00-10.00', '2019-08-24', '2019-08-24 09:40:25', '4'),
(39990155, 'INV2408201939990155', 15195, 'Mulyadi Mulyadi', NULL, 'pickup', NULL, NULL, NULL, NULL, NULL, NULL, NULL, 15108, 'MYR0013', 'manual', NULL, '2019-08-24 00:00:00', 'customer', 40000, NULL, NULL, 0, 40000, 0, NULL, NULL, 0, NULL, '07.00-10.00', '2019-08-24', '2019-08-24 09:41:00', '4'),
(39990157, 'INV2408201939990157', 15196, 'ayu.rizkiyah ayu', NULL, 'pickup', NULL, NULL, NULL, NULL, NULL, NULL, NULL, 15108, 'MYR0013', 'manual', NULL, '2019-08-24 00:00:00', 'customer', 40000, NULL, NULL, 0, 40000, 0, NULL, NULL, 0, NULL, '07.00-10.00', '2019-08-24', '2019-08-24 09:42:19', '4'),
(39990158, 'INV2408201939990158', 15196, 'ayu.rizkiyah ayu', NULL, 'pickup', NULL, NULL, NULL, NULL, NULL, NULL, NULL, 15108, 'MYR0013', 'manual', NULL, '2019-08-24 00:00:00', 'customer', 120000, NULL, NULL, 0, 120000, 0, NULL, NULL, 0, NULL, '07.00-10.00', '2019-08-24', '2019-08-24 09:44:06', '4'),
(39990159, 'INV2408201939990159', 15197, 'Alika Rizky', NULL, 'pickup', NULL, NULL, NULL, NULL, NULL, NULL, NULL, 15108, 'MYR0013', 'manual', NULL, '2019-08-24 00:00:00', 'customer', 80000, NULL, NULL, 0, 80000, 0, NULL, NULL, 0, NULL, '07.00-10.00', '2019-08-24', '2019-08-24 09:45:45', '4'),
(39990160, 'INV2408201939990160', 15189, 'Heru Hermawan', NULL, 'pickup', NULL, NULL, NULL, NULL, NULL, NULL, NULL, 15108, 'MYR0013', 'manual', NULL, '2019-08-24 00:00:00', 'customer', 160000, NULL, NULL, 0, 160000, 0, NULL, NULL, 0, NULL, '07.00-10.00', '2019-08-24', '2019-08-24 09:47:45', '4'),
(39990161, 'INV2408201939990161', 15199, 'Haji Tatu', NULL, 'pickup', NULL, NULL, NULL, NULL, NULL, NULL, NULL, 15108, 'MYR0013', 'manual', NULL, '2019-08-24 00:00:00', 'customer', 160000, NULL, NULL, 0, 160000, 0, NULL, NULL, 0, NULL, '07.00-10.00', '2019-08-24', '2019-08-24 09:50:44', '4'),
(39990162, 'INV2408201939990162', 15203, 'Fenny Fenny', NULL, 'pickup', NULL, NULL, NULL, NULL, NULL, NULL, NULL, 15108, 'MYR0013', 'manual', NULL, '2019-08-24 00:00:00', 'customer', 160000, NULL, NULL, 0, 160000, 0, NULL, NULL, 0, NULL, '07.00-10.00', '2019-08-24', '2019-08-24 09:53:41', '4'),
(39990163, 'INV2408201939990163', 15200, 'Rita Rianingsih', NULL, 'pickup', NULL, NULL, NULL, NULL, NULL, NULL, NULL, 15108, 'MYR0013', 'manual', NULL, '2019-08-24 00:00:00', 'customer', 80000, NULL, NULL, 0, 80000, 0, NULL, NULL, 0, NULL, '07.00-10.00', '2019-08-24', '2019-08-24 09:54:04', '4'),
(39990164, 'INV2408201939990164', 15202, 'Reni Purnamasari', NULL, 'pickup', NULL, NULL, NULL, NULL, NULL, NULL, NULL, 15108, 'MYR0013', 'manual', NULL, '2019-08-24 00:00:00', 'customer', 160000, NULL, NULL, 0, 160000, 0, NULL, NULL, 0, NULL, '07.00-10.00', '2019-08-24', '2019-08-24 09:54:16', '4'),
(39990165, 'INV2408201939990165', 15184, 'Ari Tutiningsih', NULL, 'pickup', NULL, NULL, NULL, NULL, NULL, NULL, NULL, 15108, 'MYR0013', 'manual', NULL, '2019-08-24 00:00:00', 'customer', 80000, NULL, NULL, 0, 80000, 0, NULL, NULL, 0, NULL, '07.00-10.00', '2019-08-24', '2019-08-24 10:13:12', '4'),
(39990168, 'INV2508201939990168', 15207, 'Nonalydiia Lydia', NULL, 'pickup', NULL, NULL, NULL, NULL, NULL, NULL, NULL, 15108, 'MYR0013', 'manual', NULL, '2019-08-25 00:00:00', 'customer', 160000, NULL, NULL, 0, 160000, 0, NULL, NULL, 0, NULL, '07.00-10.00', '2019-08-25', '2019-08-25 06:22:28', '4'),
(39990169, 'INV2508201939990169', 15125, 'Diah ernawati Diah', NULL, 'pickup', NULL, NULL, NULL, NULL, NULL, NULL, NULL, 15108, 'MYR0013', 'manual', NULL, '2019-08-25 00:00:00', 'customer', 160000, NULL, NULL, 0, 160000, 0, NULL, NULL, 0, NULL, '07.00-10.00', '2019-08-25', '2019-08-25 06:31:37', '4'),
(39990170, 'INV2508201939990170', 15208, 'Murohji zahwa', NULL, 'pickup', NULL, NULL, NULL, NULL, NULL, NULL, NULL, 15108, 'MYR0013', 'manual', NULL, '2019-08-25 00:00:00', 'customer', 160000, NULL, NULL, 0, 160000, 0, NULL, NULL, 0, NULL, '07.00-10.00', '2019-08-25', '2019-08-25 06:36:20', '4'),
(39990171, 'INV2508201939990171', 15210, 'Mumung Mumung', NULL, 'pickup', NULL, NULL, NULL, NULL, NULL, NULL, NULL, 15108, 'MYR0013', 'manual', NULL, '2019-08-25 00:00:00', 'customer', 80000, NULL, NULL, 0, 80000, 0, NULL, NULL, 0, NULL, '07.00-10.00', '2019-08-25', '2019-08-25 06:37:10', '4'),
(39990172, 'INV2508201939990172', 15209, 'Lutfi Lutfi', NULL, 'pickup', NULL, NULL, NULL, NULL, NULL, NULL, NULL, 15108, 'MYR0013', 'manual', NULL, '2019-08-25 00:00:00', 'customer', 40000, NULL, NULL, 0, 40000, 0, NULL, NULL, 0, NULL, '07.00-10.00', '2019-08-25', '2019-08-25 06:50:13', '4'),
(39990173, 'INV2508201939990173', 15212, 'Suryani Yanto', NULL, 'pickup', NULL, NULL, NULL, NULL, NULL, NULL, NULL, 15108, 'MYR0013', 'manual', NULL, '2019-08-25 00:00:00', 'customer', 80000, NULL, NULL, 0, 80000, 0, NULL, NULL, 0, NULL, '07.00-10.00', '2019-08-25', '2019-08-25 06:50:52', '4'),
(39990174, 'INV2508201939990174', 15209, 'Lutfi Lutfi', NULL, 'pickup', NULL, NULL, NULL, NULL, NULL, NULL, NULL, 15108, 'MYR0013', 'manual', NULL, '2019-08-25 00:00:00', 'customer', 80000, NULL, NULL, 0, 80000, 0, NULL, NULL, 0, NULL, '07.00-10.00', '2019-08-25', '2019-08-25 06:52:05', '4'),
(39990175, 'INV2508201939990175', 15214, 'Naomi Amelia', NULL, 'pickup', NULL, NULL, NULL, NULL, NULL, NULL, NULL, 15108, 'MYR0013', 'manual', NULL, '2019-08-25 00:00:00', 'customer', 80000, NULL, NULL, 0, 80000, 0, NULL, NULL, 0, NULL, '07.00-10.00', '2019-08-25', '2019-08-25 06:53:35', '4'),
(39990176, 'INV2508201939990176', 15214, 'Naomi Amelia', NULL, 'pickup', NULL, NULL, NULL, NULL, NULL, NULL, NULL, 15108, 'MYR0013', 'manual', NULL, '2019-08-25 00:00:00', 'customer', 80000, NULL, NULL, 0, 80000, 0, NULL, NULL, 0, NULL, '07.00-10.00', '2019-08-25', '2019-08-25 06:53:39', '4'),
(39990177, 'INV2508201939990177', 15170, 'Titi wiranti ,', NULL, 'pickup', NULL, NULL, NULL, NULL, NULL, NULL, NULL, 15108, 'MYR0013', 'manual', NULL, '2019-08-25 00:00:00', 'customer', 80000, NULL, NULL, 0, 80000, 0, NULL, NULL, 0, NULL, '07.00-10.00', '2019-08-25', '2019-08-25 07:01:12', '4'),
(39990178, 'INV2508201939990178', 15217, 'Sri sutarningsih Sutarningsih', NULL, 'pickup', NULL, NULL, NULL, NULL, NULL, NULL, NULL, 15108, 'MYR0013', 'manual', NULL, '2019-08-25 00:00:00', 'customer', 160000, NULL, NULL, 0, 160000, 0, NULL, NULL, 0, NULL, '07.00-10.00', '2019-08-25', '2019-08-25 07:02:19', '4'),
(39990179, 'INV2508201939990179', 15217, 'Sri sutarningsih Sutarningsih', NULL, 'pickup', NULL, NULL, NULL, NULL, NULL, NULL, NULL, 15108, 'MYR0013', 'manual', NULL, '2019-08-25 00:00:00', 'customer', 120000, NULL, NULL, 0, 120000, 0, NULL, NULL, 0, NULL, '07.00-10.00', '2019-08-25', '2019-08-25 07:03:43', '4'),
(39990180, 'INV2508201939990180', 15170, 'Titi wiranti ,', NULL, 'pickup', NULL, NULL, NULL, NULL, NULL, NULL, NULL, 15108, 'MYR0013', 'manual', NULL, '2019-08-25 00:00:00', 'customer', 80000, NULL, NULL, 0, 80000, 0, NULL, NULL, 0, NULL, '07.00-10.00', '2019-08-25', '2019-08-25 07:03:57', '4'),
(39990181, 'INV2508201939990181', 15122, 'Nuraeni Oktavia', NULL, 'pickup', NULL, NULL, NULL, NULL, NULL, NULL, NULL, 15108, 'MYR0013', 'manual', NULL, '2019-08-25 00:00:00', 'customer', 160000, NULL, NULL, 0, 160000, 0, NULL, NULL, 0, NULL, '07.00-10.00', '2019-08-25', '2019-08-25 07:05:54', '4'),
(39990182, 'INV2508201939990182', 15170, 'Titi wiranti ,', NULL, 'pickup', NULL, NULL, NULL, NULL, NULL, NULL, NULL, 15108, 'MYR0013', 'manual', NULL, '2019-08-25 00:00:00', 'customer', 40000, NULL, NULL, 0, 40000, 0, NULL, NULL, 0, NULL, '07.00-10.00', '2019-08-25', '2019-08-25 07:06:18', '4'),
(39990183, 'INV2508201939990183', 15218, 'Indri Yani', NULL, 'pickup', NULL, NULL, NULL, NULL, NULL, NULL, NULL, 15108, 'MYR0013', 'manual', NULL, '2019-08-25 00:00:00', 'customer', 40000, NULL, NULL, 0, 40000, 0, NULL, NULL, 0, NULL, '07.00-10.00', '2019-08-25', '2019-08-25 07:07:45', '4'),
(39990184, 'INV2508201939990184', 15222, 'Irma Yanti', NULL, 'pickup', NULL, NULL, NULL, NULL, NULL, NULL, NULL, 15108, 'MYR0013', 'manual', NULL, '2019-08-25 00:00:00', 'customer', 80000, NULL, NULL, 0, 80000, 0, NULL, NULL, 0, NULL, '07.00-10.00', '2019-08-25', '2019-08-25 07:13:09', '4'),
(39990185, 'INV2508201939990185', 15223, 'Sari Sari', NULL, 'pickup', NULL, NULL, NULL, NULL, NULL, NULL, NULL, 15108, 'MYR0013', 'manual', NULL, '2019-08-25 00:00:00', 'customer', 80000, NULL, NULL, 0, 80000, 0, NULL, NULL, 0, NULL, '07.00-10.00', '2019-08-25', '2019-08-25 07:14:46', '4'),
(39990186, 'INV2508201939990186', 15219, 'Lina Angela', NULL, 'pickup', NULL, NULL, NULL, NULL, NULL, NULL, NULL, 15108, 'MYR0013', 'manual', NULL, '2019-08-25 00:00:00', 'customer', 160000, NULL, NULL, 0, 160000, 0, NULL, NULL, 0, NULL, '07.00-10.00', '2019-08-25', '2019-08-25 07:16:38', '4'),
(39990187, 'INV2508201939990187', 15220, 'Ferry Chay', NULL, 'pickup', NULL, NULL, NULL, NULL, NULL, NULL, NULL, 15108, 'MYR0013', 'manual', NULL, '2019-08-25 00:00:00', 'customer', 160000, NULL, NULL, 0, 160000, 0, NULL, NULL, 0, NULL, '07.00-10.00', '2019-08-25', '2019-08-25 07:16:48', '4'),
(39990188, 'INV2508201939990188', 15224, 'Angel Lina', NULL, 'pickup', NULL, NULL, NULL, NULL, NULL, NULL, NULL, 15108, 'MYR0013', 'manual', NULL, '2019-08-25 00:00:00', 'customer', 160000, NULL, NULL, 0, 160000, 0, NULL, NULL, 0, NULL, '07.00-10.00', '2019-08-25', '2019-08-25 07:19:16', '4'),
(39990189, 'INV2508201939990189', 15225, 'Partini Partini', NULL, 'pickup', NULL, NULL, NULL, NULL, NULL, NULL, NULL, 15108, 'MYR0013', 'manual', NULL, '2019-08-25 00:00:00', 'customer', 40000, NULL, NULL, 0, 40000, 0, NULL, NULL, 0, NULL, '07.00-10.00', '2019-08-25', '2019-08-25 07:32:08', '4'),
(39990190, 'INV2508201939990190', 15226, 'Moechamad Oemar sidiq', NULL, 'pickup', NULL, NULL, NULL, NULL, NULL, NULL, NULL, 15108, 'MYR0013', 'manual', NULL, '2019-08-25 00:00:00', 'customer', 80000, NULL, NULL, 0, 80000, 0, NULL, NULL, 0, NULL, '07.00-10.00', '2019-08-25', '2019-08-25 07:32:47', '4'),
(39990191, 'INV2508201939990191', 15119, 'Robiah Robiah', NULL, 'pickup', NULL, NULL, NULL, NULL, NULL, NULL, NULL, 15108, 'MYR0013', 'manual', NULL, '2019-08-25 00:00:00', 'customer', 120000, NULL, NULL, 0, 120000, 0, NULL, NULL, 0, NULL, '07.00-10.00', '2019-08-25', '2019-08-25 07:33:12', '4'),
(39990192, 'INV2508201939990192', 15227, 'Murwati Imong', NULL, 'pickup', NULL, NULL, NULL, NULL, NULL, NULL, NULL, 15108, 'MYR0013', 'manual', NULL, '2019-08-25 00:00:00', 'customer', 40000, NULL, NULL, 0, 40000, 0, NULL, NULL, 0, NULL, '07.00-10.00', '2019-08-25', '2019-08-25 07:40:10', '4'),
(39990193, 'INV2508201939990193', 15229, 'Johari ari Ari', NULL, 'pickup', NULL, NULL, NULL, NULL, NULL, NULL, NULL, 15108, 'MYR0013', 'manual', NULL, '2019-08-25 00:00:00', 'customer', 40000, NULL, NULL, 0, 40000, 0, NULL, NULL, 0, NULL, '07.00-10.00', '2019-08-25', '2019-08-25 07:41:54', '4'),
(39990194, 'INV2508201939990194', 15228, 'Bayu Setyawan', NULL, 'pickup', NULL, NULL, NULL, NULL, NULL, NULL, NULL, 15108, 'MYR0013', 'manual', NULL, '2019-08-25 00:00:00', 'customer', 80000, NULL, NULL, 0, 80000, 0, NULL, NULL, 0, NULL, '07.00-10.00', '2019-08-25', '2019-08-25 07:42:11', '4'),
(39990195, 'INV2508201939990195', 15231, 'Ramini Ramini', NULL, 'pickup', NULL, NULL, NULL, NULL, NULL, NULL, NULL, 15108, 'MYR0013', 'manual', NULL, '2019-08-25 00:00:00', 'customer', 80000, NULL, NULL, 0, 80000, 0, NULL, NULL, 0, NULL, '07.00-10.00', '2019-08-25', '2019-08-25 07:50:37', '4'),
(39990196, 'INV2508201939990196', 15230, 'ita juwita', NULL, 'pickup', NULL, NULL, NULL, NULL, NULL, NULL, NULL, 15108, 'MYR0013', 'manual', NULL, '2019-08-25 00:00:00', 'customer', 160000, NULL, NULL, 0, 160000, 0, NULL, NULL, 0, NULL, '07.00-10.00', '2019-08-25', '2019-08-25 07:50:41', '4'),
(39990197, 'INV2508201939990197', 15231, 'Ramini Ramini', NULL, 'pickup', NULL, NULL, NULL, NULL, NULL, NULL, NULL, 15108, 'MYR0013', 'manual', NULL, '2019-08-25 00:00:00', 'customer', 80000, NULL, NULL, 0, 80000, 0, NULL, NULL, 0, NULL, '07.00-10.00', '2019-08-25', '2019-08-25 07:51:38', '4'),
(39990198, 'INV2508201939990198', 15234, 'Nur Nur', NULL, 'pickup', NULL, NULL, NULL, NULL, NULL, NULL, NULL, 15108, 'MYR0013', 'manual', NULL, '2019-08-25 00:00:00', 'customer', 40000, NULL, NULL, 0, 40000, 0, NULL, NULL, 0, NULL, '07.00-10.00', '2019-08-25', '2019-08-25 07:56:19', '4'),
(39990199, 'INV2508201939990199', 15233, 'Ratna Setiawati', NULL, 'pickup', NULL, NULL, NULL, NULL, NULL, NULL, NULL, 15108, 'MYR0013', 'manual', NULL, '2019-08-25 00:00:00', 'customer', 120000, NULL, NULL, 0, 120000, 0, NULL, NULL, 0, NULL, '07.00-10.00', '2019-08-25', '2019-08-25 07:59:00', '4'),
(39990200, 'INV2508201939990200', 15175, 'Siti Jariyah', NULL, 'pickup', NULL, NULL, NULL, NULL, NULL, NULL, NULL, 15108, 'MYR0013', 'manual', NULL, '2019-08-25 00:00:00', 'customer', 80000, NULL, NULL, 0, 80000, 0, NULL, NULL, 0, NULL, '07.00-10.00', '2019-08-25', '2019-08-25 08:10:48', '4'),
(39990201, 'INV2508201939990201', 15239, 'Titin Sulastri', NULL, 'pickup', NULL, NULL, NULL, NULL, NULL, NULL, NULL, 15108, 'MYR0013', 'manual', NULL, '2019-08-25 00:00:00', 'customer', 160000, NULL, NULL, 0, 160000, 0, NULL, NULL, 0, NULL, '07.00-10.00', '2019-08-25', '2019-08-25 08:21:21', '4'),
(39990203, 'INV2508201939990203', 15236, 'Chayadi Ferry', NULL, 'pickup', NULL, NULL, NULL, NULL, NULL, NULL, NULL, 15108, 'MYR0013', 'manual', NULL, '2019-08-25 00:00:00', 'customer', 160000, NULL, NULL, 0, 160000, 0, NULL, NULL, 0, NULL, '07.00-10.00', '2019-08-25', '2019-08-25 08:24:07', '4'),
(39990204, 'INV2508201939990204', 15237, 'Ferchay Adi', NULL, 'pickup', NULL, NULL, NULL, NULL, NULL, NULL, NULL, 15108, 'MYR0013', 'manual', NULL, '2019-08-25 00:00:00', 'customer', 160000, NULL, NULL, 0, 160000, 0, NULL, NULL, 0, NULL, '07.00-10.00', '2019-08-25', '2019-08-25 08:24:27', '4'),
(39990205, 'INV2508201939990205', 15238, 'fani lestari', NULL, 'pickup', NULL, NULL, NULL, NULL, NULL, NULL, NULL, 15108, 'MYR0013', 'manual', NULL, '2019-08-25 00:00:00', 'customer', 160000, NULL, NULL, 0, 160000, 0, NULL, NULL, 0, NULL, '07.00-10.00', '2019-08-25', '2019-08-25 08:25:17', '4'),
(39990206, 'INV2508201939990206', 15240, 'Sarni Sarni', NULL, 'pickup', NULL, NULL, NULL, NULL, NULL, NULL, NULL, 15108, 'MYR0013', 'manual', NULL, '2019-08-25 00:00:00', 'customer', 160000, NULL, NULL, 0, 160000, 0, NULL, NULL, 0, NULL, '07.00-10.00', '2019-08-25', '2019-08-25 08:29:52', '4'),
(39990207, 'INV2508201939990207', 15235, 'Feby Kemangi', NULL, 'pickup', NULL, NULL, NULL, NULL, NULL, NULL, NULL, 15108, 'MYR0013', 'manual', NULL, '2019-08-25 00:00:00', 'customer', 160000, NULL, NULL, 0, 160000, 0, NULL, NULL, 0, NULL, '07.00-10.00', '2019-08-25', '2019-08-25 08:31:10', '4'),
(39990208, 'INV2508201939990208', 15241, 'heni heni', NULL, 'pickup', NULL, NULL, NULL, NULL, NULL, NULL, NULL, 15108, 'MYR0013', 'manual', NULL, '2019-08-25 00:00:00', 'customer', 40000, NULL, NULL, 0, 40000, 0, NULL, NULL, 0, NULL, '07.00-10.00', '2019-08-25', '2019-08-25 08:37:41', '4'),
(39990209, 'INV2508201939990209', 15241, 'heni heni', NULL, 'pickup', NULL, NULL, NULL, NULL, NULL, NULL, NULL, 15108, 'MYR0013', 'manual', NULL, '2019-08-25 00:00:00', 'customer', 40000, NULL, NULL, 0, 40000, 0, NULL, NULL, 0, NULL, '07.00-10.00', '2019-08-25', '2019-08-25 08:37:43', '4'),
(39990210, 'INV2508201939990210', 15242, 'Naryo Naryo', NULL, 'pickup', NULL, NULL, NULL, NULL, NULL, NULL, NULL, 15108, 'MYR0013', 'manual', NULL, '2019-08-25 00:00:00', 'customer', 40000, NULL, NULL, 0, 40000, 0, NULL, NULL, 0, NULL, '07.00-10.00', '2019-08-25', '2019-08-25 08:40:47', '4'),
(39990211, 'INV2508201939990211', 15156, 'Eka yuliastuti yulias tuti', NULL, 'pickup', NULL, NULL, NULL, NULL, NULL, NULL, NULL, 15108, 'MYR0013', 'manual', NULL, '2019-08-25 00:00:00', 'customer', 160000, NULL, NULL, 0, 160000, 0, NULL, NULL, 0, NULL, '07.00-10.00', '2019-08-25', '2019-08-25 08:44:10', '4'),
(39990212, 'INV2508201939990212', 15243, 'Ratma Anah', NULL, 'pickup', NULL, NULL, NULL, NULL, NULL, NULL, NULL, 15108, 'MYR0013', 'manual', NULL, '2019-08-25 00:00:00', 'customer', 120000, NULL, NULL, 0, 120000, 0, NULL, NULL, 0, NULL, '07.00-10.00', '2019-08-25', '2019-08-25 08:46:52', '4'),
(39990213, 'INV2508201939990213', 15244, 'Budi Setiawati', NULL, 'pickup', NULL, NULL, NULL, NULL, NULL, NULL, NULL, 15108, 'MYR0013', 'manual', NULL, '2019-08-25 00:00:00', 'customer', 160000, NULL, NULL, 0, 160000, 0, NULL, NULL, 0, NULL, '07.00-10.00', '2019-08-25', '2019-08-25 08:48:04', '4'),
(39990214, 'INV2508201939990214', 15245, 'Sunarsi Sunarsi', NULL, 'pickup', NULL, NULL, NULL, NULL, NULL, NULL, NULL, 15108, 'MYR0013', 'manual', NULL, '2019-08-25 00:00:00', 'customer', 80000, NULL, NULL, 0, 80000, 0, NULL, NULL, 0, NULL, '07.00-10.00', '2019-08-25', '2019-08-25 08:54:15', '4'),
(39990215, 'INV2508201939990215', 15128, 'Supriatin Neng', NULL, 'pickup', NULL, NULL, NULL, NULL, NULL, NULL, NULL, 15108, 'MYR0013', 'manual', NULL, '2019-08-25 00:00:00', 'customer', 80000, NULL, NULL, 0, 80000, 0, NULL, NULL, 0, NULL, '07.00-10.00', '2019-08-25', '2019-08-25 08:56:42', '4'),
(39990216, 'INV2508201939990216', 15128, 'Supriatin Neng', NULL, 'pickup', NULL, NULL, NULL, NULL, NULL, NULL, NULL, 15108, 'MYR0013', 'manual', NULL, '2019-08-25 00:00:00', 'customer', 80000, NULL, NULL, 0, 80000, 0, NULL, NULL, 0, NULL, '07.00-10.00', '2019-08-25', '2019-08-25 09:03:18', '4'),
(39990217, 'INV2508201939990217', 15247, 'Suci Yati', NULL, 'pickup', NULL, NULL, NULL, NULL, NULL, NULL, NULL, 15108, 'MYR0013', 'manual', NULL, '2019-08-25 00:00:00', 'customer', 80000, NULL, NULL, 0, 80000, 0, NULL, NULL, 0, NULL, '07.00-10.00', '2019-08-25', '2019-08-25 09:04:37', '4'),
(39990218, 'INV2508201939990218', 15248, 'Rifda Desmandita', NULL, 'pickup', NULL, NULL, NULL, NULL, NULL, NULL, NULL, 15108, 'MYR0013', 'manual', NULL, '2019-08-25 00:00:00', 'customer', 40000, NULL, NULL, 0, 40000, 0, NULL, NULL, 0, NULL, '07.00-10.00', '2019-08-25', '2019-08-25 09:10:08', '4'),
(39990219, 'INV2508201939990219', 15249, 'Nia Kurnia', NULL, 'pickup', NULL, NULL, NULL, NULL, NULL, NULL, NULL, 15108, 'MYR0013', 'manual', NULL, '2019-08-25 00:00:00', 'customer', 120000, NULL, NULL, 0, 120000, 0, NULL, NULL, 0, NULL, '07.00-10.00', '2019-08-25', '2019-08-25 09:10:58', '4'),
(39990220, 'INV2508201939990220', 15249, 'Nia Kurnia', NULL, 'pickup', NULL, NULL, NULL, NULL, NULL, NULL, NULL, 15108, 'MYR0013', 'manual', NULL, '2019-08-25 00:00:00', 'customer', 120000, NULL, NULL, 0, 120000, 0, NULL, NULL, 0, NULL, '07.00-10.00', '2019-08-25', '2019-08-25 09:11:00', '4'),
(39990221, 'INV2508201939990221', 15222, 'Irma Yanti', NULL, 'pickup', NULL, NULL, NULL, NULL, NULL, NULL, NULL, 15108, 'MYR0013', 'manual', NULL, '2019-08-25 00:00:00', 'customer', 80000, NULL, NULL, 0, 80000, 0, NULL, NULL, 0, NULL, '07.00-10.00', '2019-08-25', '2019-08-25 09:13:57', '4'),
(39990222, 'INV2508201939990222', 15250, 'Suko Wiharsih', NULL, 'pickup', NULL, NULL, NULL, NULL, NULL, NULL, NULL, 15108, 'MYR0013', 'manual', NULL, '2019-08-25 00:00:00', 'customer', 120000, NULL, NULL, 0, 120000, 0, NULL, NULL, 0, NULL, '07.00-10.00', '2019-08-25', '2019-08-25 09:16:23', '4'),
(39990223, 'INV2508201939990223', 15200, 'Rita Rianingsih', NULL, 'pickup', NULL, NULL, NULL, NULL, NULL, NULL, NULL, 15108, 'MYR0013', 'manual', NULL, '2019-08-25 00:00:00', 'customer', 80000, NULL, NULL, 0, 80000, 0, NULL, NULL, 0, NULL, '07.00-10.00', '2019-08-25', '2019-08-25 09:17:09', '4'),
(39990224, 'INV2508201939990224', 15251, 'Bilal Udin', NULL, 'pickup', NULL, NULL, NULL, NULL, NULL, NULL, NULL, 15108, 'MYR0013', 'manual', NULL, '2019-08-25 00:00:00', 'customer', 40000, NULL, NULL, 0, 40000, 0, NULL, NULL, 0, NULL, '07.00-10.00', '2019-08-25', '2019-08-25 09:22:46', '4'),
(39990225, 'INV2508201939990225', 15253, 'rahmawati rahmawati', NULL, 'pickup', NULL, NULL, NULL, NULL, NULL, NULL, NULL, 15108, 'MYR0013', 'manual', NULL, '2019-08-25 00:00:00', 'customer', 80000, NULL, NULL, 0, 80000, 0, NULL, NULL, 0, NULL, '07.00-10.00', '2019-08-25', '2019-08-25 09:27:08', '4'),
(39990226, 'INV2508201939990226', 15253, 'rahmawati rahmawati', NULL, 'pickup', NULL, NULL, NULL, NULL, NULL, NULL, NULL, 15108, 'MYR0013', 'manual', NULL, '2019-08-25 00:00:00', 'customer', 80000, NULL, NULL, 0, 80000, 0, NULL, NULL, 0, NULL, '07.00-10.00', '2019-08-25', '2019-08-25 09:27:10', '4'),
(39990227, 'INV2508201939990227', 15255, 'Dari utami Tami', NULL, 'pickup', NULL, NULL, NULL, NULL, NULL, NULL, NULL, 15108, 'MYR0013', 'manual', NULL, '2019-08-25 00:00:00', 'customer', 160000, NULL, NULL, 0, 160000, 0, NULL, NULL, 0, NULL, '07.00-10.00', '2019-08-25', '2019-08-25 09:31:17', '4'),
(39990228, 'INV2508201939990228', 15254, 'Parno Parno', NULL, 'pickup', NULL, NULL, NULL, NULL, NULL, NULL, NULL, 15108, 'MYR0013', 'manual', NULL, '2019-08-25 00:00:00', 'customer', 40000, NULL, NULL, 0, 40000, 0, NULL, NULL, 0, NULL, '07.00-10.00', '2019-08-25', '2019-08-25 09:31:23', '4'),
(39990229, 'INV2508201939990229', 15254, 'Parno Parno', NULL, 'pickup', NULL, NULL, NULL, NULL, NULL, NULL, NULL, 15108, 'MYR0013', 'manual', NULL, '2019-08-25 00:00:00', 'customer', 120000, NULL, NULL, 0, 120000, 0, NULL, NULL, 0, NULL, '07.00-10.00', '2019-08-25', '2019-08-25 09:32:31', '4'),
(39990230, 'INV2508201939990230', 15256, 'ersa melani', NULL, 'pickup', NULL, NULL, NULL, NULL, NULL, NULL, NULL, 15108, 'MYR0013', 'manual', NULL, '2019-08-25 00:00:00', 'customer', 80000, NULL, NULL, 0, 80000, 0, NULL, NULL, 0, NULL, '07.00-10.00', '2019-08-25', '2019-08-25 09:35:09', '4'),
(39990231, 'INV2508201939990231', 15156, 'Eka yuliastuti yulias tuti', NULL, 'pickup', NULL, NULL, NULL, NULL, NULL, NULL, NULL, 15108, 'MYR0013', 'manual', NULL, '2019-08-25 00:00:00', 'customer', 40000, NULL, NULL, 0, 40000, 0, NULL, NULL, 0, NULL, '07.00-10.00', '2019-08-25', '2019-08-25 09:37:42', '4'),
(39990232, 'INV2508201939990232', 15257, 'Ho marina Ho marina', NULL, 'pickup', NULL, NULL, NULL, NULL, NULL, NULL, NULL, 15108, 'MYR0013', 'manual', NULL, '2019-08-25 00:00:00', 'customer', 40000, NULL, NULL, 0, 40000, 0, NULL, NULL, 0, NULL, '07.00-10.00', '2019-08-25', '2019-08-25 09:40:00', '4'),
(39990233, 'INV2508201939990233', 15258, 'Titin Titin', NULL, 'pickup', NULL, NULL, NULL, NULL, NULL, NULL, NULL, 15108, 'MYR0013', 'manual', NULL, '2019-08-25 00:00:00', 'customer', 80000, NULL, NULL, 0, 80000, 0, NULL, NULL, 0, NULL, '07.00-10.00', '2019-08-25', '2019-08-25 09:40:07', '4'),
(39990234, 'INV2508201939990234', 15258, 'Titin Titin', NULL, 'pickup', NULL, NULL, NULL, NULL, NULL, NULL, NULL, 15108, 'MYR0013', 'manual', NULL, '2019-08-25 00:00:00', 'customer', 120000, NULL, NULL, 0, 120000, 0, NULL, NULL, 0, NULL, '07.00-10.00', '2019-08-25', '2019-08-25 09:40:42', '4');
INSERT INTO `orders` (`id`, `invoice_id`, `customer_id`, `name`, `phone`, `address`, `kelurahan`, `kecamatan`, `kota`, `provinsi`, `kode_pos`, `latitude`, `longitude`, `agent_id`, `agent_name`, `payment_method`, `payment_link`, `payment_date`, `buy_by`, `payment_total`, `coupon_id`, `payment_discount_code`, `payment_discount`, `payment_final`, `order_weight`, `order_distance`, `delivery_status`, `delivery_fee`, `delivery_track`, `delivery_time`, `delivery_date`, `order_time`, `status`) VALUES
(39990235, 'INV2508201939990235', 15259, 'Bella Anastasia', NULL, 'pickup', NULL, NULL, NULL, NULL, NULL, NULL, NULL, 15108, 'MYR0013', 'manual', NULL, '2019-08-25 00:00:00', 'customer', 160000, NULL, NULL, 0, 160000, 0, NULL, NULL, 0, NULL, '07.00-10.00', '2019-08-25', '2019-08-25 09:43:30', '4'),
(39990236, 'INV2508201939990236', 15261, 'Dwi Pijiatin', NULL, 'pickup', NULL, NULL, NULL, NULL, NULL, NULL, NULL, 15108, 'MYR0013', 'manual', NULL, '2019-08-25 00:00:00', 'customer', 160000, NULL, NULL, 0, 160000, 0, NULL, NULL, 0, NULL, '07.00-10.00', '2019-08-25', '2019-08-25 09:44:26', '4'),
(39990237, 'INV2508201939990237', 15263, 'Idris Abdul', NULL, 'pickup', NULL, NULL, NULL, NULL, NULL, NULL, NULL, 15108, 'MYR0013', 'manual', NULL, '2019-08-25 00:00:00', 'customer', 160000, NULL, NULL, 0, 160000, 0, NULL, NULL, 0, NULL, '07.00-10.00', '2019-08-25', '2019-08-25 09:52:30', '4'),
(39990238, 'INV2508201939990238', 15262, 'Saolin Olin', NULL, 'pickup', NULL, NULL, NULL, NULL, NULL, NULL, NULL, 15108, 'MYR0013', 'manual', NULL, '2019-08-25 00:00:00', 'customer', 40000, NULL, NULL, 0, 40000, 0, NULL, NULL, 0, NULL, '07.00-10.00', '2019-08-25', '2019-08-25 09:53:56', '4'),
(39990239, 'INV2508201939990239', 15264, 'Neni Junaeni', NULL, 'pickup', NULL, NULL, NULL, NULL, NULL, NULL, NULL, 15108, 'MYR0013', 'manual', NULL, '2019-08-25 00:00:00', 'customer', 160000, NULL, NULL, 0, 160000, 0, NULL, NULL, 0, NULL, '07.00-10.00', '2019-08-25', '2019-08-25 09:55:14', '4'),
(39990240, 'INV2508201939990240', 15265, 'Gayuh Sasmi', NULL, 'pickup', NULL, NULL, NULL, NULL, NULL, NULL, NULL, 15108, 'MYR0013', 'manual', NULL, '2019-08-25 00:00:00', 'customer', 160000, NULL, NULL, 0, 160000, 0, NULL, NULL, 0, NULL, '07.00-10.00', '2019-08-25', '2019-08-25 09:58:48', '4'),
(39990241, 'INV2508201939990241', 15266, 'Nurul Uhnu', NULL, 'pickup', NULL, NULL, NULL, NULL, NULL, NULL, NULL, 15108, 'MYR0013', 'manual', NULL, '2019-08-25 00:00:00', 'customer', 120000, NULL, NULL, 0, 120000, 0, NULL, NULL, 0, NULL, '07.00-10.00', '2019-08-25', '2019-08-25 10:04:58', '4'),
(39990242, 'INV2508201939990242', 15267, 'ananda nur', NULL, 'pickup', NULL, NULL, NULL, NULL, NULL, NULL, NULL, 15108, 'MYR0013', 'manual', NULL, '2019-08-25 00:00:00', 'customer', 120000, NULL, NULL, 0, 120000, 0, NULL, NULL, 0, NULL, '07.00-10.00', '2019-08-25', '2019-08-25 10:11:26', '4'),
(39990243, 'INV2508201939990243', 15268, 'Eva Novalin', NULL, 'pickup', NULL, NULL, NULL, NULL, NULL, NULL, NULL, 15108, 'MYR0013', 'manual', NULL, '2019-08-25 00:00:00', 'customer', 80000, NULL, NULL, 0, 80000, 0, NULL, NULL, 0, NULL, '07.00-10.00', '2019-08-25', '2019-08-25 10:13:18', '4'),
(39990244, 'INV2508201939990244', 15270, 'Dedeh Aisyah', NULL, 'pickup', NULL, NULL, NULL, NULL, NULL, NULL, NULL, 15108, 'MYR0013', 'manual', NULL, '2019-08-25 00:00:00', 'customer', 160000, NULL, NULL, 0, 160000, 0, NULL, NULL, 0, NULL, '07.00-10.00', '2019-08-25', '2019-08-25 10:23:27', '4'),
(39990249, 'INV2708201939990249', 15219, 'Lina Angela', NULL, 'pickup', NULL, NULL, NULL, NULL, NULL, NULL, NULL, 15108, 'MYR0013', 'manual', NULL, '2019-08-27 00:00:00', 'customer', 750000, NULL, NULL, 0, 760000, 0, NULL, NULL, 10000, NULL, '07.00-10.00', '2019-08-27', '2019-08-27 16:26:21', '4'),
(39990250, 'INV2708201939990250', 15106, 'Atha Oey', NULL, 'Rukan wallstreet B rkb 005', 'KAPUK', 'CENGKARENG', 'JAKARTA BARAT', 'DKI JAKARTA', '15147', '-6.1904401032590926', '106.72606380656362', 15274, 'MYR0015', NULL, NULL, NULL, 'customer', 100000, NULL, NULL, 0, 120000, 0, NULL, NULL, 20000, NULL, '07.00-10.00', '2019-08-29', '2019-08-27 19:21:53', '5'),
(39990254, 'INV2808201939990254', 15219, 'Lina Angela', NULL, 'Jl.melati V no.27  Rt.11/ Rw.09 cengkareng Indah Jakarta barat', 'KAPUK', 'CENGKARENG', 'JAKARTA BARAT', 'DKI JAKARTA', '11720', '-6.1489830350332415', '106.74455596134067', 15274, 'MYR0015', 'bca_klikbca', 'https://app.sandbox.midtrans.com/snap/v2/vtweb/4fdbdb07-4eb4-4178-85fa-b6ecd01f0285', NULL, 'customer', 1250000, NULL, NULL, 0, 1260000, 0, NULL, NULL, 10000, NULL, '07.00-10.00', '2019-08-30', '2019-08-28 16:04:48', '4'),
(39990255, 'INV2908201939990255', 15270, 'Dedeh Aisyah', NULL, 'pickup', NULL, NULL, NULL, NULL, NULL, NULL, NULL, 15108, 'MYR0013', 'manual', NULL, '2019-08-29 00:00:00', 'customer', 50000, NULL, NULL, 0, 50000, 0, NULL, NULL, 0, NULL, '07.00-10.00', '2019-08-29', '2019-08-29 06:55:40', '4'),
(39990256, 'INV2908201939990256', 15212, 'Suryani Yanto', NULL, 'pickup', NULL, NULL, NULL, NULL, NULL, NULL, NULL, 15108, 'MYR0013', 'manual', NULL, '2019-08-29 00:00:00', 'customer', 50000, NULL, NULL, 0, 50000, 0, NULL, NULL, 0, NULL, '07.00-10.00', '2019-08-29', '2019-08-29 10:59:00', '4'),
(39990257, 'INV2908201939990257', 15212, 'Suryani Yanto', NULL, 'pickup', NULL, NULL, NULL, NULL, NULL, NULL, NULL, 15108, 'MYR0013', 'manual', NULL, '2019-08-29 00:00:00', 'customer', 50000, NULL, NULL, 0, 50000, 0, NULL, NULL, 0, NULL, '07.00-10.00', '2019-08-29', '2019-08-29 10:59:36', '4'),
(39990260, 'INV3008201939990260', 15219, 'Lina Angela', NULL, 'Jl.melati V no.27  Rt.11/ Rw.09 cengkareng Indah Jakarta barat', 'KAPUK', 'CENGKARENG', 'JAKARTA BARAT', 'DKI JAKARTA', '11720', '-6.1489830350332415', '106.74455596134067', 15274, 'MYR0015', NULL, NULL, NULL, 'customer', 2500000, NULL, NULL, 0, 2505000, 0, NULL, NULL, 5000, NULL, '07.00-10.00', '2019-09-01', '2019-08-30 14:08:19', '5'),
(39990268, 'INV3108201939990268', 15283, 'cindy shintia', NULL, 'pickup', NULL, NULL, NULL, NULL, NULL, NULL, NULL, 15282, 'MYR0017', 'manual', NULL, '2019-08-31 00:00:00', 'customer', 100000, NULL, 'cfd20', 20000, 80000, 0, NULL, NULL, 0, NULL, '07.00-10.00', '2019-08-31', '2019-08-31 07:38:42', '4'),
(39990269, 'INV3108201939990269', 15281, 'Tri Hastuti', NULL, 'pickup', NULL, NULL, NULL, NULL, NULL, NULL, NULL, 15282, 'MYR0017', 'manual', NULL, '2019-08-31 00:00:00', 'customer', 100000, NULL, 'CFD20', 20000, 80000, 0, NULL, NULL, 0, NULL, '07.00-10.00', '2019-08-31', '2019-08-31 08:07:50', '4'),
(39990275, 'INV0209201939990275', 15219, 'Lina Angela', NULL, 'Jl.melati V no.27  Rt.11/ Rw.09 cengkareng Indah Jakarta barat', 'KAPUK', 'CENGKARENG', 'JAKARTA BARAT', 'DKI JAKARTA', '11720', '-6.1489830350332415', '106.74455596134067', 15274, 'MYR0015', 'manual', 'images/payment-2019-09-02-155527.png', '2019-09-02 15:55:27', 'customer', 1250000, NULL, NULL, 0, 1255000, 0, NULL, NULL, 5000, NULL, '07.00-10.00', '2019-09-03', '2019-09-02 13:42:51', '4'),
(39990276, 'INV0209201939990276', 15282, 'Sari Sari', NULL, 'Taman holandia jalan Volendam no. 33', 'PANUNGGANGAN', 'CIBODAS', 'TANGERANG', 'BANTEN', '15138', NULL, NULL, 15282, 'MYR0017', 'manual', 'images/payment-mobile-2019-09-02-2ad4385bc216a51d7d281e0154dfb14d.jpg', '2019-09-02 14:56:27', 'partner', 336000, NULL, NULL, 0, 336000, 6.2, NULL, NULL, 0, NULL, '07.00-10.00', '2019-09-04', '2019-09-02 14:08:49', '4'),
(39990277, 'INV0209201939990277', 15219, 'Lina Angela', NULL, 'Jl.melati V no.27  Rt.11/ Rw.09 cengkareng Indah Jakarta barat', 'KAPUK', 'CENGKARENG', 'JAKARTA BARAT', 'DKI JAKARTA', '11720', '-6.1489830350332415', '106.74455596134067', 15274, 'MYR0015', 'manual', 'images/payment-2019-09-02-155422.png', '2019-09-02 15:54:22', 'customer', 1250000, NULL, NULL, 0, 1255000, 0, NULL, NULL, 5000, NULL, '07.00-10.00', '2019-09-03', '2019-09-02 13:45:51', '4'),
(39990282, 'INV0209201939990282', 15289, 'Siti Jariah', NULL, 'Jl melati 4 no 28 Rt011 Rw009 kavling pedongkelan', 'KAPUK', 'CENGKARENG', 'JAKARTA BARAT', 'DKI JAKARTA', '11720', '-6.149355716945052', '106.7446350865066', 15274, 'MYR0015', NULL, 'https://app.sandbox.midtrans.com/snap/v2/vtweb/3606f8ed-226d-4c72-92d9-4ced7781c225', NULL, 'customer', 150000, NULL, NULL, 0, 155000, 0, NULL, NULL, 5000, NULL, '10.00-14.00', '2019-09-04', '2019-09-02 20:28:42', '5'),
(39990283, 'INV0209201939990283', 15289, 'Siti Jariah', NULL, 'pickup', NULL, NULL, NULL, NULL, NULL, NULL, NULL, 15108, 'MYR0013', 'manual', NULL, '2019-09-02 00:00:00', 'customer', 150000, NULL, 'ONGKIR5000', 0, 155000, 0, NULL, NULL, 0, NULL, '10.00-14.00', '2019-09-02', '2019-09-02 20:31:34', '4'),
(39990296, 'INV0309201939990296', 15282, 'Sari Sari', NULL, 'Taman holandia jalan Volendam no. 33', 'PANUNGGANGAN', 'CIBODAS', 'TANGERANG', 'BANTEN', '15138', NULL, NULL, 15282, 'MYR0017', 'manual', 'images/payment-mobile-2019-09-03-4fb0e39a4d2cb8c420827d1472fa152a.jpg', '2019-09-03 12:05:24', 'partner', 755000, NULL, NULL, 0, 755000, 18.6, NULL, NULL, 0, NULL, '07.00-10.00', '2019-09-05', '2019-09-03 12:03:51', '4'),
(39990306, 'INV0409201939990306', 15219, 'Lina Angela', NULL, 'Jl.melati V no.27  Rt.11/ Rw.09 cengkareng Indah Jakarta barat', 'KAPUK', 'CENGKARENG', 'JAKARTA BARAT', 'DKI JAKARTA', '11720', '-6.1489830350332415', '106.74455596134067', 15274, 'MYR0015', NULL, NULL, NULL, 'customer', 1500000, NULL, NULL, 0, 1505000, 24, NULL, NULL, 5000, NULL, '07.00-10.00', '2019-09-05', '2019-09-04 12:50:03', '4'),
(39990309, 'INV0509201939990309', 15276, 'Tfc Yuana', NULL, 'Taman holandia jalan volendam no.33 lippo karawaci utara', 'PANUNGGANGAN BARAT', 'CIBODAS', 'TANGERANG', 'BANTEN', '15138', '-6.223282888669772', '106.62458410486579', 15108, 'MYR0013', NULL, NULL, NULL, 'customer', 423500, NULL, NULL, 0, 453500, 11.9, NULL, NULL, 30000, NULL, '07.00-10.00', '2019-09-06', '2019-09-05 12:14:02', '5'),
(39990318, 'INV0509201939990318', 15106, 'Atha Oey', NULL, 'Jalan waru raya no 17 rt 013/009 cengkareng indah jakarta barat', 'KAPUK', 'CENGKARENG', 'JAKARTA BARAT', 'DKI JAKARTA', '11720', '-6.149088352321314', '106.72332057729363', 15108, 'MYR0013', NULL, NULL, NULL, 'partner', 111000, NULL, NULL, 0, 141000, 2.7, NULL, NULL, 30000, NULL, '07.00-10.00', '2019-09-06', '2019-09-05 12:29:39', '5'),
(39990319, 'INV0509201939990319', 15276, 'Tfc Yuana', NULL, 'Taman holandia jalan volendam no.33 lippo karawaci utara', 'PANUNGGANGAN BARAT', 'CIBODAS', 'TANGERANG', 'BANTEN', '15138', '-6.223282888669772', '106.62458410486579', 15282, 'MYR0017', 'manual', 'images/payment-mobile-2019-09-05-2f5c7eb0fa680ad2e36c4e0d6851e285.jpg', '2019-09-05 12:35:07', 'partner', 423500, NULL, NULL, 0, 423500, 11.9, NULL, NULL, 0, NULL, '07.00-10.00', '2019-09-06', '2019-09-05 12:32:48', '4'),
(39990320, 'INV0509201939990320', 15276, 'Tfc Yuana', NULL, 'Taman holandia jalan volendam no.33 lippo karawaci utara', 'PANUNGGANGAN BARAT', 'CIBODAS', 'TANGERANG', 'BANTEN', '15138', '-6.223282888669772', '106.62458410486579', 15282, 'MYR0017', 'manual', 'images/payment-mobile-2019-09-05-1829e44c7c6503c7af7b7e8af64f9239.jpg', '2019-09-05 12:41:46', 'partner', 750000, NULL, NULL, 0, 750000, 12, NULL, NULL, 0, NULL, '07.00-10.00', '2019-09-06', '2019-09-05 12:37:55', '4'),
(39990321, 'INV0509201939990321', 15276, 'Tfc Yuana', NULL, 'Taman holandia jalan volendam no.33 lippo karawaci utara', 'PANUNGGANGAN BARAT', 'CIBODAS', 'TANGERANG', 'BANTEN', '15138', '-6.223282888669772', '106.62458410486579', 15282, 'MYR0017', 'manual', 'images/payment-mobile-2019-09-05-21aac1ca4ac5fa24658c562476ce599d.jpg', '2019-09-05 13:54:38', 'partner', 350000, NULL, NULL, 0, 350000, 5.6, NULL, NULL, 0, NULL, '07.00-10.00', '2019-09-06', '2019-09-05 13:52:29', '4'),
(39990322, 'INV0509201939990322', 15106, 'Atha Oey', NULL, 'Jalan letjen s parman central park mall atau apl tower', 'GROGOL', 'GROGOL PETAMBURAN', 'JAKARTA BARAT', 'DKI JAKARTA', '11457', '-6.17639812491001', '106.7912901006639', 15274, 'MYR0015', NULL, NULL, NULL, 'customer', 218000, NULL, NULL, 0, 232500, 7.3, NULL, NULL, 14500, NULL, '07.00-10.00', '2019-09-07', '2019-09-05 14:38:54', '5'),
(39990323, 'INV0509201939990323', 15296, 'Enly null', NULL, 'Jl.melati V no.27 Rt.11 Rw.09 cengkareng indah', 'KAPUK', 'CENGKARENG', 'JAKARTA BARAT', 'DKI JAKARTA', '11720', '-6.1490330370938215', '106.74470650032163', 15275, 'MYR0016', 'manual', 'images/payment-mobile-2019-09-05-c338e87a29d8b6b99ff0ed850692b362.jpg', '2019-09-05 16:06:02', 'partner', 1465000, NULL, NULL, 0, 1477000, 25, NULL, NULL, 12000, NULL, '07.00-10.00', '2019-09-07', '2019-09-05 15:58:52', '4'),
(39990326, 'INV0709201939990326', 15274, 'Febriyanthi Sinukaban', NULL, 'Jalan Waru 1B no 15, RT 013/009 , Cengkareng Indah, Jakarta Barat', 'PULAU TIDUNG', 'CENGKARENG', 'JAKARTA BARAT', 'DKI JAKARTA', '11720', '-6.1453684', '106.7485312', 15274, 'MYR0015', 'manual', 'images/payment-mobile-2019-09-07-ef197ee983f7c13ae832fee425887eab.jpg', '2019-09-07 08:34:05', 'partner', 1040000, NULL, NULL, 0, 1040000, 23, NULL, NULL, 0, NULL, '07.00-10.00', '2019-09-08', '2019-09-07 08:27:50', '4'),
(39990329, 'INV0709201939990329', 15282, 'Kumala Sari', NULL, 'Taman holandia jalan Volendam no. 33', 'PAKU JAYA', 'SERPONG UTARA', 'TANGERANG', 'BANTEN', '15138', '0', '0', 15282, 'MYR0017', 'manual', 'images/payment-mobile-2019-09-07-97532e2f998aa172807eab53f0497425.jpg', '2019-09-07 12:17:11', 'partner', 510000, NULL, NULL, 0, 510000, 14, NULL, NULL, 0, NULL, '07.00-10.00', '2019-09-08', '2019-09-07 12:13:50', '4'),
(39990330, 'INV0709201939990330', 15276, 'Tfc Yuana', NULL, 'Taman holandia jalan volendam no.33 lippo karawaci utara', 'PANUNGGANGAN BARAT', 'CIBODAS', 'TANGERANG', 'BANTEN', '15138', '-6.223282888669772', '106.62458410486579', 15282, 'MYR0017', 'manual', 'images/payment-mobile-2019-09-07-a0f71bc1bdd26a361b4d00b35813ecd3.jpg', '2019-09-07 13:31:36', 'partner', 205000, NULL, NULL, 0, 205000, 7, NULL, NULL, 0, NULL, '07.00-10.00', '2019-09-08', '2019-09-07 13:04:32', '4'),
(39990331, 'INV0709201939990331', 15276, 'Tfc Yuana', NULL, 'Taman holandia jalan volendam no.33 lippo karawaci utara', 'PANUNGGANGAN BARAT', 'CIBODAS', 'TANGERANG', 'BANTEN', '15138', '-6.223282888669772', '106.62458410486579', 15275, 'MYR0016', 'manual', 'images/payment-mobile-2019-09-08-5a8265c84e81cdd86b6fe857cd9bc587.jpg', '2019-09-08 09:59:16', 'customer', 400000, NULL, NULL, 0, 430000, 6.4, NULL, NULL, 30000, NULL, '07.00-10.00', '2019-09-09', '2019-09-07 21:03:53', '4'),
(39990332, 'INV0809201939990332', 15296, 'Enly null', NULL, 'Jl.melati V no.27 Rt.11 Rw.09 cengkareng indah', 'KAPUK', 'CENGKARENG', 'JAKARTA BARAT', 'DKI JAKARTA', '11720', '-6.1490330370938215', '106.74470650032163', 15275, 'MYR0016', 'manual', 'images/payment-2019-09-08-180049.jpg', '2019-09-08 18:00:50', 'partner', 3750000, NULL, NULL, 0, 3762000, 60, NULL, NULL, 12000, NULL, '07.00-10.00', '2019-09-10', '2019-09-08 14:33:55', '4'),
(39990333, 'INV0909201939990333', 15121, 'Widyarini Ririn', NULL, 'pickup', NULL, NULL, NULL, NULL, NULL, NULL, NULL, 15108, 'MYR0013', 'manual', NULL, '2019-09-09 00:00:00', 'customer', 100000, NULL, NULL, 0, 107000, 1.6, NULL, NULL, 0, NULL, '07.00-10.00', '2019-09-09', '2019-09-09 10:58:35', '5'),
(39990334, 'INV0909201939990334', 15276, 'Tfc Yuana', NULL, 'Taman holandia jalan volendam no.33 lippo karawaci utara', 'PANUNGGANGAN BARAT', 'CIBODAS', 'TANGERANG', 'BANTEN', '15138', '-6.223282888669772', '106.62458410486579', 15282, 'MYR0017', 'manual', 'images/payment-mobile-2019-09-09-476e02fe65647205bcbbfd419571732f.jpg', '2019-09-09 14:02:49', 'partner', 498500, NULL, NULL, 0, 498500, 13.9, NULL, NULL, 0, NULL, '07.00-10.00', '2019-09-10', '2019-09-09 14:00:18', '4'),
(39990336, 'INV1009201939990336', 15106, 'Atha Oey', NULL, 'Jalan letjen s parman central park mall atau apl tower', 'GROGOL', 'GROGOL PETAMBURAN', 'JAKARTA BARAT', 'DKI JAKARTA', '11457', '-6.17639812491001', '106.7912901006639', 15274, 'MYR0015', NULL, NULL, NULL, 'customer', 20000, NULL, NULL, 0, 38000, 1, 6, NULL, 18000, NULL, '07.00-10.00', '2019-09-11', '2019-09-10 10:32:19', '5'),
(39990337, 'INV1009201939990337', 15039, 'Husni Aziz', NULL, 'Jl Apel washington no 19 NYK', 'RAWA BUNGA', 'JATINEGARA', 'JAKARTA TIMUR', 'DKI JAKARTA', '55281', '-7.7779179334497295', '110.36420842632651', 15107, 'MYR0012', NULL, NULL, NULL, 'customer', 41000, NULL, NULL, 0, 51000, 1.4, 1, NULL, 10000, NULL, '07.00-10.00', '2019-09-11', '2019-09-10 11:03:22', '5'),
(39990338, 'INV1009201939990338', 15296, 'Enly null', NULL, 'Jl.melati V no.27 Rt.11 Rw.09 cengkareng indah', 'KAPUK', 'CENGKARENG', 'JAKARTA BARAT', 'DKI JAKARTA', '11720', '-6.1490330370938215', '106.74470650032163', 15275, 'MYR0016', 'manual', 'images/payment-mobile-2019-09-10-1fec77362228cda4e3aa8e3dd1a1d1bd.jpg', '2019-09-10 12:32:17', 'partner', 2930000, NULL, NULL, 0, 2942000, 50, 3, NULL, 12000, NULL, '07.00-10.00', '2019-09-11', '2019-09-10 12:27:56', '4'),
(39990339, 'INV1009201939990339', 15276, 'Tfc Yuana', NULL, 'Taman holandia jalan volendam no.33 lippo karawaci utara', 'PANUNGGANGAN BARAT', 'CIBODAS', 'TANGERANG', 'BANTEN', '15138', '-6.223282888669772', '106.62458410486579', 15282, 'MYR0017', 'manual', 'images/payment-mobile-2019-09-10-81436ab98ce051cc518cfbd5c4892753.jpg', '2019-09-10 13:02:35', 'partner', 122000, NULL, NULL, 0, 122000, 2.6, 11845, NULL, 0, NULL, '07.00-10.00', '2019-09-11', '2019-09-10 13:00:26', '4'),
(39990340, 'INV1009201939990340', 15039, 'Husni Aziz', NULL, 'Jl Apel washington no 19 NYK', 'RAWA BUNGA', 'JATINEGARA', 'JAKARTA TIMUR', 'DKI JAKARTA', '55281', '-7.7779179334497295', '110.36420842632651', 15107, 'MYR0012', NULL, NULL, NULL, 'customer', 96000, NULL, NULL, 0, 106000, 4, 1, NULL, 10000, NULL, '07.00-10.00', '2019-09-11', '2019-09-10 13:34:09', '5'),
(39990341, 'INV1009201939990341', 15039, 'Husni Aziz', NULL, 'Jl Apel washington no 19 NYK', 'RAWA BUNGA', 'JATINEGARA', 'JAKARTA TIMUR', 'DKI JAKARTA', '55281', '-7.7779179334497295', '110.36420842632651', 15107, 'MYR0012', NULL, NULL, NULL, 'customer', 96000, NULL, NULL, 0, 106000, 4, 1, NULL, 10000, NULL, '07.00-10.00', '2019-09-11', '2019-09-10 13:39:59', '5'),
(39990342, 'INV1009201939990342', 15039, 'Husni Aziz', NULL, 'Jl Apel washington no 19 NYK', 'RAWA BUNGA', 'JATINEGARA', 'JAKARTA TIMUR', 'DKI JAKARTA', '55281', '-7.7779179334497295', '110.36420842632651', 15107, 'MYR0012', NULL, NULL, NULL, 'customer', 38000, NULL, NULL, 0, 48000, 1, 1, NULL, 10000, NULL, '07.00-10.00', '2019-09-11', '2019-09-10 13:40:47', '5'),
(39990343, 'INV1009201939990343', 15039, 'Husni Aziz', NULL, 'Jl Apel washington no 19 NYK', 'RAWA BUNGA', 'JATINEGARA', 'JAKARTA TIMUR', 'DKI JAKARTA', '55281', '-7.7779179334497295', '110.36420842632651', 15107, 'MYR0012', NULL, NULL, NULL, 'customer', 50000, NULL, NULL, 0, 60000, 0.8, 1, NULL, 10000, NULL, '07.00-10.00', '2019-09-11', '2019-09-10 13:41:40', '5'),
(39990344, 'INV1009201939990344', 15276, 'Tfc Yuana', NULL, 'Taman holandia jalan volendam no.33 lippo karawaci utara', 'PANUNGGANGAN BARAT', 'CIBODAS', 'TANGERANG', 'BANTEN', '15138', '-6.223282888669772', '106.62458410486579', 15282, 'MYR0017', 'manual', 'images/payment-mobile-2019-09-10-94e66d9ff7a3f41cc5d0097598212270.jpg', '2019-09-10 13:55:57', 'partner', 171500, NULL, NULL, 0, 171500, 4.5, 11845, NULL, 0, NULL, '07.00-10.00', '2019-09-11', '2019-09-10 13:53:52', '4'),
(39990345, 'INV1009201939990345', 15039, 'Husni Aziz', NULL, 'Jl Apel washington no 19 NYK', 'RAWA BUNGA', 'JATINEGARA', 'JAKARTA TIMUR', 'DKI JAKARTA', '55281', '-7.7779179334497295', '110.36420842632651', 15107, 'MYR0012', NULL, NULL, NULL, 'customer', 24000, NULL, NULL, 0, 34000, 1, 1, NULL, 10000, NULL, '07.00-10.00', '2019-09-12', '2019-09-10 14:02:08', '5'),
(39990346, 'INV1009201939990346', 15290, 'R lim', NULL, 'Jalan terusan bandengan utara no.1, Premier Mansion no.G2', 'PEJAGALAN', 'PENJARINGAN', 'JAKARTA UTARA', 'DKI JAKARTA', '8655', '-6.134816578796683', '106.78663613274693', 15274, 'MYR0015', NULL, NULL, NULL, 'customer', 3240000, NULL, NULL, 0, 3240000, 108, 4, NULL, 0, NULL, '07.00-10.00', '2019-09-12', '2019-09-10 15:46:08', '5'),
(39990347, 'INV1009201939990347', 15290, 'R lim', NULL, 'Jalan terusan bandengan utara no.1, Premier Mansion no.G2', 'PEJAGALAN', 'PENJARINGAN', 'JAKARTA UTARA', 'DKI JAKARTA', '8655', '-6.134816578796683', '106.78663613274693', 15274, 'MYR0015', NULL, NULL, NULL, 'customer', 88000, NULL, NULL, 0, 102000, 2, 4, NULL, 14000, NULL, '10.00-14.00', '2019-09-17', '2019-09-10 15:48:59', '5'),
(39990348, 'INV1009201939990348', 15121, 'Widyarini Ririn', NULL, 'Jln melati 4 no 34 rt 11 rw 09 kec cengkareng kel kapuk jakarta selatan', 'KAPUK', 'CENGKARENG', 'JAKARTA BARAT', 'DKI JAKARTA', '11720', '-6.14902537011151', '106.7441170848906', 15274, 'MYR0015', 'manual', 'images/payment-mobile-2019-09-10-9f4e029326f2d42c797a76a02e256722.jpg', '2019-09-10 19:52:41', 'customer', 100000, NULL, NULL, 0, 107000, 1.6, 1, NULL, 7000, NULL, '07.00-10.00', '2019-09-12', '2019-09-10 16:38:55', '4'),
(39990349, 'INV1009201939990349', 15106, 'Atha Oey', NULL, 'Rukan wallstreet B rkb 005', 'KAPUK', 'CENGKARENG', 'JAKARTA BARAT', 'DKI JAKARTA', '15147', '-6.1904401032590926', '106.72606380656362', 15108, 'MYR0013', NULL, '', NULL, 'partner', 30500, NULL, NULL, 0, 52500, 1, 8, NULL, 22000, NULL, '07.00-10.00', '2019-09-12', '2019-09-10 17:37:51', '5'),
(39990350, 'INV1109201939990350', 15282, 'Kumala Sari', NULL, 'Taman holandia jalan Volendam no. 33', 'PAKU JAYA', 'SERPONG UTARA', 'TANGERANG', 'BANTEN', '15138', '0', '0', 15282, 'MYR0017', 'manual', 'images/payment-mobile-2019-09-11-67d72917788d1f93b62746646bb35a17.jpg', '2019-09-11 13:18:45', 'partner', 637500, NULL, NULL, 0, 637500, 17.5, 0, NULL, 0, NULL, '14.00-16.00', '2019-09-12', '2019-09-11 13:17:19', '4'),
(39990351, 'INV1109201939990351', 15294, 'marten bastaman', NULL, 'Cipondoh', 'PETIR', 'CIPONDOH', 'TANGERANG', 'BANTEN', '15147', '-6.180946731545073', '106.70488810166717', 15275, 'MYR0016', NULL, NULL, NULL, 'customer', 41000, NULL, 'MEYER101', 5000, 48000, 1.4, 3, NULL, 12000, NULL, '10.00-14.00', '2019-09-13', '2019-09-11 15:27:59', '5'),
(39990352, 'INV1109201939990352', 15294, 'marten bastaman', NULL, 'Cipondoh', 'PETIR', 'CIPONDOH', 'TANGERANG', 'BANTEN', '15147', '-6.180946731545073', '106.70488810166717', 15108, 'MYR0013', 'manual', 'images/payment-mobile-2019-09-11-9ebc1be8393fc043193f8793b77cbe6b.jpg', '2019-09-11 15:32:09', 'customer', 41000, NULL, 'MEYER101', 5000, 62000, 1.4, 10, NULL, 26000, NULL, '07.00-10.00', '2019-09-13', '2019-09-11 15:31:10', '4'),
(39990353, 'INV1109201939990353', 15294, 'marten bastaman', NULL, 'Cipondoh', 'PETIR', 'CIPONDOH', 'TANGERANG', 'BANTEN', '15147', '-6.180946731545073', '106.70488810166717', 15108, 'MYR0013', NULL, '', NULL, 'partner', 73500, NULL, 'MEYER101', 5000, 75500, 2.4, 1, NULL, 7000, NULL, '07.00-10.00', '2019-09-13', '2019-09-11 16:05:18', '5'),
(39990354, 'INV1109201939990354', 15274, 'Febriyanthi Sinukaban', NULL, 'Jalan Waru 1B no 15, RT 013/009 , Cengkareng Indah, Jakarta Barat', 'PULAU TIDUNG', 'CENGKARENG', 'JAKARTA BARAT', 'DKI JAKARTA', '11720', '-6.1453684', '106.7485312', 15274, 'MYR0015', 'manual', 'images/payment-mobile-2019-09-11-60b900f385af0dd03940282acf6c2acf.jpg', '2019-09-11 17:51:57', 'partner', 1275000, NULL, NULL, 0, 1275000, 35, 0, NULL, 0, NULL, '07.00-10.00', '2019-09-12', '2019-09-11 17:44:52', '4'),
(39990355, 'INV1209201939990355', 15282, 'Kumala Sari', NULL, 'Taman holandia jalan Volendam no. 33', 'PAKU JAYA', 'SERPONG UTARA', 'TANGERANG', 'BANTEN', '15138', '0', '0', 15282, 'MYR0017', 'manual', 'images/payment-mobile-2019-09-12-ee38076618e6d4e34e52ac3e36fe76c2.jpg', '2019-09-12 11:36:07', 'partner', 1206500, NULL, NULL, 0, 1206500, 32.9, 0, NULL, 0, NULL, '07.00-10.00', '2019-09-13', '2019-09-12 06:41:02', '4'),
(39990356, 'INV1209201939990356', 15276, 'Tfc Yuana', NULL, 'Taman holandia jalan volendam no.33 lippo karawaci utara', 'PANUNGGANGAN BARAT', 'CIBODAS', 'TANGERANG', 'BANTEN', '15138', '-6.223282888669772', '106.62458410486579', 15282, 'MYR0017', 'manual', 'images/payment-mobile-2019-09-12-d56b1354e0ba1e5e8b479942ad06d284.jpg', '2019-09-12 13:16:53', 'partner', 205000, NULL, NULL, 0, 205000, 7, 11845, NULL, 0, NULL, '07.00-10.00', '2019-09-13', '2019-09-12 13:15:18', '4'),
(39990357, 'INV1309201939990357', 15315, 'Sovie Liestiyani', NULL, 'Komplek Hankam Jl. Gelatik No. K 15 Jakarta Barat', 'PALMERAH', 'PALMERAH', 'JAKARTA BARAT', 'DKI JAKARTA', '11480', '-6.196447202721118', '106.7923472262919', 15274, 'MYR0015', NULL, NULL, NULL, 'customer', 103000, NULL, NULL, 0, 123000, 3.1, 7, NULL, 20000, NULL, '07.00-10.00', '2019-09-14', '2019-09-13 09:36:25', '5'),
(39990358, 'INV1309201939990358', 15314, 'Intan Oktaviani', NULL, 'JALAN BATU BULAN RT008/008 NO.40 KAPUK CENGKARENG JAKARTA BARAT', 'KAPUK', 'CENGKARENG', 'JAKARTA BARAT', 'DKI JAKARTA', '11720', '-6.140087593738327', '106.74908084794879', 15274, 'MYR0015', NULL, NULL, NULL, 'customer', 50000, NULL, NULL, 0, 57000, 1.4, 1, NULL, 7000, NULL, '07.00-10.00', '2019-09-14', '2019-09-13 12:26:21', '5'),
(39990359, 'INV1309201939990359', 15296, 'Enly', NULL, 'Jl.melati V no.27 Rt.11 Rw.09 cengkareng indah', 'KAPUK', 'CENGKARENG', 'JAKARTA BARAT', 'DKI JAKARTA', '11720', '-6.1490330370938215', '106.74470650032163', 15275, 'MYR0016', 'manual', 'images/payment-mobile-2019-09-13-411c7dec46df972c701689fdf357543d.jpg', '2019-09-13 13:46:54', 'partner', 3750000, NULL, NULL, 0, 3750000, 60, 3, NULL, 0, NULL, '07.00-10.00', '2019-09-14', '2019-09-13 12:49:49', '4'),
(39990360, 'INV1309201939990360', 15276, 'Tfc Yuana', NULL, 'Taman holandia jalan volendam no.33 lippo karawaci utara', 'PANUNGGANGAN BARAT', 'CIBODAS', 'TANGERANG', 'BANTEN', '15138', '-6.223282888669772', '106.62458410486579', 15282, 'MYR0017', 'manual', 'images/payment-mobile-2019-09-13-ec1fe336cf4b333865f235a1ef35e842.jpg', '2019-09-13 16:33:13', 'partner', 44000, NULL, NULL, 0, 51000, 1, 1, NULL, 7000, NULL, '07.00-10.00', '2019-09-15', '2019-09-13 16:31:45', '4'),
(39990361, 'INV1309201939990361', 15282, 'Kumala Sari', NULL, 'Taman holandia jalan Volendam no. 33', 'PAKU JAYA', 'SERPONG UTARA', 'TANGERANG', 'BANTEN', '15138', '-6.221725', '106.62018460000002', 15282, 'MYR0017', 'manual', 'images/payment-mobile-2019-09-14-80941e0ac74fc991faa77da82defd7a3.jpg', '2019-09-14 10:04:11', 'partner', 882500, NULL, NULL, 0, 882500, 18.5, 0, NULL, 0, NULL, '07.00-10.00', '2019-09-15', '2019-09-13 22:40:28', '4'),
(39990362, 'INV1409201939990362', 15276, 'Tfc Yuana', NULL, 'Taman holandia jalan volendam no.33 lippo karawaci utara', 'PANUNGGANGAN BARAT', 'CIBODAS', 'TANGERANG', 'BANTEN', '15138', '-6.223282888669772', '106.62458410486579', 15282, 'MYR0017', 'manual', 'images/payment-mobile-2019-09-14-dc6fba4f2db444bb7b3268c5b2a1791b.jpg', '2019-09-14 10:04:25', 'partner', 255000, NULL, NULL, 0, 262000, 7, 1, NULL, 7000, NULL, '07.00-10.00', '2019-09-15', '2019-09-14 10:02:06', '4'),
(39990363, 'INV1509201939990363', 15296, 'Enly', NULL, 'Jl.melati V no.27 Rt.11 Rw.09 cengkareng indah', 'KAPUK', 'CENGKARENG', 'JAKARTA BARAT', 'DKI JAKARTA', '11720', '-6.1490330370938215', '106.74470650032163', 15275, 'MYR0016', 'manual', 'images/payment-mobile-2019-09-15-adced6eb1f601b9d9805921a04c47992.jpg', '2019-09-15 14:30:12', 'partner', 3750000, NULL, NULL, 0, 3750000, 60, 3, NULL, 0, NULL, '07.00-10.00', '2019-09-16', '2019-09-15 12:52:09', '4'),
(39990364, 'INV1509201939990364', 15106, 'Atha Oey', NULL, 'Jalan letjen s parman central park mall atau apl tower', 'GROGOL', 'GROGOL PETAMBURAN', 'JAKARTA BARAT', 'DKI JAKARTA', '11457', '-6.17639812491001', '106.7912901006639', 15274, 'MYR0015', NULL, NULL, NULL, 'customer', 41000, NULL, NULL, 0, 59000, 1.4, 6, NULL, 18000, NULL, '07.00-10.00', '2019-09-17', '2019-09-15 14:01:29', '5'),
(39990365, 'INV1509201939990365', 15106, 'Atha Oey', NULL, 'Jalan letjen s parman central park mall atau apl tower', 'GROGOL', 'GROGOL PETAMBURAN', 'JAKARTA BARAT', 'DKI JAKARTA', '11457', '-6.17639812491001', '106.7912901006639', 15274, 'MYR0015', NULL, NULL, NULL, 'customer', 30000, NULL, NULL, 0, 48000, 1, 6, NULL, 18000, NULL, '10.00-14.00', '2019-09-17', '2019-09-15 14:32:41', '5'),
(39990366, 'INV1509201939990366', 15316, 'phengky pangestu', NULL, 'ruko taman semanan indah blok c no 34, jl. dharma kencana RT 15 RW 11 Duri Kosambi Cengkareng Jakarta Barat', 'DURI KOSAMBI', 'CENGKARENG', 'JAKARTA BARAT', 'DKI JAKARTA', '11750', '-6.163561772487831', '106.7231579683721', 15275, 'MYR0016', 'manual', 'images/payment-mobile-2019-09-15-7f79bf50785797a2a4c5c2284063b96a.jpg', '2019-09-15 17:01:19', 'customer', 170500, NULL, NULL, 0, 180500, 4.7, 1, NULL, 10000, NULL, '10.00-14.00', '2019-09-17', '2019-09-15 16:59:24', '4'),
(39990367, 'INV1609201939990367', 15276, 'Tfc Yuana', NULL, 'Taman holandia jalan volendam no.33 lippo karawaci utara', 'PANUNGGANGAN BARAT', 'CIBODAS', 'TANGERANG', 'BANTEN', '15138', '-6.223282888669772', '106.62458410486579', 15282, 'MYR0017', 'manual', 'images/payment-mobile-2019-09-16-22942c6b857fc787ea64ff54e2edcf17.jpg', '2019-09-16 11:10:57', 'partner', 379000, NULL, NULL, 0, 379000, 13, 1, NULL, 0, NULL, '07.00-10.00', '2019-09-17', '2019-09-16 11:08:51', '4'),
(39990368, 'INV1709201939990368', 15282, 'Kumala Sari', NULL, 'Taman holandia jalan Volendam no. 33', 'PAKU JAYA', 'SERPONG UTARA', 'TANGERANG', 'BANTEN', '15138', '-6.221725', '106.62018460000002', 15282, 'MYR0017', 'manual', 'images/payment-mobile-2019-09-17-b81af46e1691a8c9d07947de37503e2b.jpg', '2019-09-17 13:47:49', 'partner', 1592500, NULL, NULL, 0, 1592500, 35.7, 0, NULL, 0, NULL, '07.00-10.00', '2019-09-18', '2019-09-17 13:43:39', '4'),
(39990369, 'INV1709201939990369', 15276, 'Tfc Yuana', NULL, 'Taman holandia jalan volendam no.33 lippo karawaci utara', 'PANUNGGANGAN BARAT', 'CIBODAS', 'TANGERANG', 'BANTEN', '15138', '-6.223282888669772', '106.62458410486579', 15282, 'MYR0017', 'manual', 'images/payment-mobile-2019-09-17-e019e19bf1c192c868efd1ea159cd43b.jpg', '2019-09-17 13:47:36', 'partner', 370000, NULL, NULL, 0, 370000, 7, 1, NULL, 0, NULL, '07.00-10.00', '2019-09-18', '2019-09-17 13:44:47', '4'),
(39990370, 'INV1709201939990370', 15106, 'Atha Oey', NULL, 'Jalan letjen s parman central park mall atau apl tower', 'GROGOL', 'GROGOL PETAMBURAN', 'JAKARTA BARAT', 'DKI JAKARTA', '11457', '-6.17639812491001', '106.7912901006639', 15274, 'MYR0015', NULL, NULL, NULL, 'customer', 50000, NULL, NULL, 0, 68000, 0.8, 6, NULL, 18000, NULL, '07.00-10.00', '2019-09-18', '2019-09-17 13:45:59', '5'),
(39990371, 'INV1709201939990371', 15274, 'Febriyanthi Sinukaban', NULL, 'Jalan Waru 1B no 15, RT 013/009 , Cengkareng Indah, Jakarta Barat', 'PULAU TIDUNG', 'CENGKARENG', 'JAKARTA BARAT', 'DKI JAKARTA', '11720', '-6.1453684', '106.7485312', 15274, 'MYR0015', 'manual', 'images/payment-mobile-2019-09-18-69e0eb70e7508cb52901c59af0499053.jpg', '2019-09-18 14:20:17', 'partner', 1270000, NULL, NULL, 0, 1270000, 32, 0, NULL, 0, NULL, '07.00-10.00', '2019-09-19', '2019-09-17 16:25:03', '4'),
(39990372, 'INV1809201939990372', 15289, 'Siti Jariah', NULL, 'Jl melati 4 no 28 Rt011 Rw009 kavling pedongkelan', 'KAPUK', 'CENGKARENG', 'JAKARTA BARAT', 'DKI JAKARTA', '11720', '-6.149355716945052', '106.7446350865066', 15274, 'MYR0015', NULL, 'https://meyerfood.id/billing/checkout/39990372', NULL, 'customer', 150000, NULL, NULL, 0, 157000, 2.4, 1, NULL, 7000, NULL, '10.00-14.00', '2019-09-19', '2019-09-18 07:40:16', '5'),
(39990373, 'INV1809201939990373', 15289, 'Siti Jariah', NULL, 'Jl melati 4 no 28 Rt011 Rw009 kavling pedongkelan', 'KAPUK', 'CENGKARENG', 'JAKARTA BARAT', 'DKI JAKARTA', '11720', '-6.149355716945052', '106.7446350865066', 15274, 'MYR0015', NULL, 'https://meyerfood.id/billing/checkout/39990373', NULL, 'customer', 150000, NULL, NULL, 0, 157000, 2.4, 1, NULL, 7000, NULL, '10.00-14.00', '2019-09-19', '2019-09-18 07:43:29', '5'),
(39990375, 'INV1809201939990375', 15106, 'Atha Oey', NULL, 'Taman Holandia, Jalan Volendam no 33 Lippo Karawaci', 'PANUNGGANGAN BARAT', 'CIBODAS', 'TANGERANG', 'BANTEN', '15138', '-6.148415678018768', '106.74698134884238', 15108, 'MYR0013', NULL, 'https://app.sandbox.midtrans.com/snap/v2/vtweb/7a904152-108c-461f-9c30-f013494787ee', NULL, 'partner', 50000, NULL, NULL, 0, 50000, 0.8, 6, NULL, 0, NULL, '07.00-10.00', '2019-09-20', '2019-09-18 10:28:30', '5'),
(39990376, 'INV1809201939990376', 15296, 'Enly', NULL, 'Jl.melati V no.27 Rt.11 Rw.09 cengkareng indah', 'KAPUK', 'CENGKARENG', 'JAKARTA BARAT', 'DKI JAKARTA', '11720', '-6.1490330370938215', '106.74470650032163', 15275, 'MYR0016', 'manual', 'images/payment-mobile-2019-09-18-47286525132459ffa0688bc56634fb59.jpg', '2019-09-18 13:46:07', 'partner', 3750000, NULL, NULL, 0, 3750000, 60, 3, NULL, 0, NULL, '07.00-10.00', '2019-09-19', '2019-09-18 13:38:53', '4'),
(39990377, 'INV1809201939990377', 15306, 'Lis zebua', NULL, 'Jl melati raya ujung rt 06 rw 09 kapuk cengkareng', 'KAPUK', 'CENGKARENG', 'JAKARTA BARAT', 'DKI JAKARTA', '11720', '-6.231772977488907', '106.72677056863904', 15274, NULL, NULL, NULL, NULL, 'customer', 50000, NULL, NULL, 0, 68000, 0.8, 6, NULL, 18000, NULL, '07.00-10.00', '2019-09-20', '2019-09-18 20:55:05', '5'),
(39990378, 'INV1909201939990378', 15319, 'Yuliana', NULL, 'Jl. Joglo Raya No.55, RT.1/RW.1, Joglo, Kec. Kembangan, Kota Jakarta Barat, Daerah Khusus Ibukota Jakarta 11640, Indonesia', 'JOGLO', 'KEMBANGAN', 'JAKARTA BARAT', 'DKI JAKARTA', '11640', '-6.218866329781399', '106.73114726319909', 15108, 'MYR0013', NULL, NULL, NULL, 'customer', 38000, NULL, NULL, 0, 54000, 1, 5, NULL, 16000, NULL, '07.00-10.00', '2019-09-20', '2019-09-19 10:56:14', '5'),
(39990379, 'INV1909201939990379', 15276, 'Tfc Yuana', NULL, 'Taman holandia jalan volendam no.33 lippo karawaci utara', 'PANUNGGANGAN BARAT', 'CIBODAS', 'TANGERANG', 'BANTEN', '15138', '-6.223282888669772', '106.62458410486579', 15282, 'MYR0017', 'manual', 'images/payment-mobile-2019-09-19-9cd58ce863cdb6e582853789315c5a44.jpg', '2019-09-19 11:25:24', 'partner', 555000, NULL, NULL, 0, 555000, 11.8, 1, NULL, 0, NULL, '07.00-10.00', '2019-09-20', '2019-09-19 11:23:21', '4'),
(39990380, 'INV2009201939990380', 15282, 'Kumala Sari', NULL, 'Taman holandia jalan Volendam no. 33', 'PAKU JAYA', 'SERPONG UTARA', 'TANGERANG', 'BANTEN', '15138', '-6.221725', '106.62018460000002', 15282, 'MYR0017', 'manual', 'images/payment-mobile-2019-09-20-1a96cc7c8f1e84eb843758eadc44b52f.jpg', '2019-09-20 12:04:58', 'partner', 1395000, NULL, NULL, 0, 1395000, 29.4, 0, NULL, 0, NULL, '07.00-10.00', '2019-09-21', '2019-09-20 11:47:04', '4'),
(39990381, 'INV2009201939990381', 15276, 'Tfc Yuana', NULL, 'Taman holandia jalan volendam no.33 lippo karawaci utara', 'PANUNGGANGAN BARAT', 'CIBODAS', 'TANGERANG', 'BANTEN', '15138', '-6.223282888669772', '106.62458410486579', 15282, 'MYR0017', 'manual', 'images/payment-mobile-2019-09-20-00f5c9f9c11dd5362eca0cc7357162d3.jpg', '2019-09-20 15:11:11', 'partner', 370000, NULL, NULL, 0, 370000, 7, 1, NULL, 0, NULL, '07.00-10.00', '2019-09-22', '2019-09-20 15:09:03', '4'),
(39990382, 'INV2009201939990382', 15296, 'Enly', NULL, 'Jl.melati V no.27 Rt.11 Rw.09 cengkareng indah', 'KAPUK', 'CENGKARENG', 'JAKARTA BARAT', 'DKI JAKARTA', '11720', '-6.1490330370938215', '106.74470650032163', 15275, 'MYR0016', 'manual', 'images/payment-mobile-2019-09-20-e2b79a29fd4348fd5018040c53956922.jpg', '2019-09-20 17:05:37', 'partner', 5430000, NULL, NULL, 0, 5430000, 90, 3, NULL, 0, NULL, '07.00-10.00', '2019-09-22', '2019-09-20 17:00:04', '4'),
(39990383, 'INV2109201939990383', 15121, 'Widyarini Ririn', NULL, 'Jln melati 4 no 34 rt 11 rw 09 kec cengkareng kel kapuk jakarta selatan', 'KAPUK', 'CENGKARENG', 'JAKARTA BARAT', 'DKI JAKARTA', '11720', '-6.14902537011151', '106.7441170848906', 15274, 'MYR0015', NULL, NULL, NULL, 'customer', 100000, NULL, 'MEYER101', 0, 107000, 1.6, 1, NULL, 7000, NULL, '07.00-10.00', '2019-09-22', '2019-09-21 09:33:43', '5'),
(39990384, 'INV2109201939990384', 15121, 'Widyarini Ririn', NULL, 'Jln melati 4 no 34 rt 11 rw 09 kec cengkareng kel kapuk jakarta selatan', 'KAPUK', 'CENGKARENG', 'JAKARTA BARAT', 'DKI JAKARTA', '11720', '-6.14902537011151', '106.7441170848906', 15274, 'MYR0015', 'manual', 'images/payment-mobile-2019-09-21-a45fbc65ff6692c7c30c7278dde233fa.jpg', '2019-09-21 09:51:33', 'customer', 100000, NULL, NULL, 0, 107000, 1.6, 1, NULL, 7000, NULL, '07.00-10.00', '2019-09-22', '2019-09-21 09:35:29', '4'),
(39990385, 'INV2109201939990385', 15282, 'Kumala Sari', NULL, 'Taman holandia jalan Volendam no. 33', 'PAKU JAYA', 'SERPONG UTARA', 'TANGERANG', 'BANTEN', '15138', '-6.221725', '106.62018460000002', 15282, 'MYR0017', 'manual', 'images/payment-mobile-2019-09-21-a7b636fc526e313458e514d458ba6b4c.jpg', '2019-09-21 13:38:15', 'partner', 1082500, NULL, NULL, 0, 1082500, 21.7, 0, NULL, 0, NULL, '07.00-10.00', '2019-09-22', '2019-09-21 13:34:47', '4'),
(39990389, 'INV2309201939990389', 15274, 'Febriyanthi Sinukaban', NULL, 'Jalan Waru 1B no 15, RT 013/009 , Cengkareng Indah, Jakarta Barat', 'PULAU TIDUNG', 'CENGKARENG', 'JAKARTA BARAT', 'DKI JAKARTA', '11720', '-6.1453684', '106.7485312', 15274, 'MYR0015', NULL, NULL, NULL, 'partner', 535500, NULL, NULL, 0, 535500, 14.7, 0, NULL, 0, NULL, '07.00-10.00', '2019-09-24', '2019-09-23 08:53:04', '5'),
(39990390, 'INV2309201939990390', 15282, 'Kumala Sari', NULL, 'Taman holandia jalan Volendam no. 33', 'PAKU JAYA', 'SERPONG UTARA', 'TANGERANG', 'BANTEN', '15138', '-6.221725', '106.62018460000002', 15282, 'MYR0017', 'manual', 'images/payment-mobile-2019-09-23-23019fe041bca94b3ab0b61ebc2a86a1.jpg', '2019-09-23 11:20:49', 'partner', 1155500, NULL, NULL, 0, 1155500, 25.7, 0, NULL, 0, NULL, '07.00-10.00', '2019-09-24', '2019-09-23 11:17:22', '4'),
(39990391, 'INV2409201939990391', 15274, 'Febriyanthi Sinukaban', NULL, 'Jalan Waru 1B no 15, RT 013/009 , Cengkareng Indah, Jakarta Barat', 'PULAU TIDUNG', 'CENGKARENG', 'JAKARTA BARAT', 'DKI JAKARTA', '11720', '-6.1453684', '106.7485312', 15274, 'MYR0015', 'manual', 'images/payment-mobile-2019-09-24-8ba32c2662832de860fc785f92b2aece.jpg', '2019-09-24 09:17:58', 'partner', 535500, NULL, NULL, 0, 535500, 14.7, 0, NULL, 0, NULL, '07.00-10.00', '2019-09-25', '2019-09-24 09:15:18', '4'),
(39990392, 'INV2409201939990392', 15282, 'Kumala Sari', NULL, 'Taman holandia jalan Volendam no. 33', 'PAKU JAYA', 'SERPONG UTARA', 'TANGERANG', 'BANTEN', '15138', '-6.221725', '106.62018460000002', 15282, 'MYR0017', 'manual', 'images/payment-mobile-2019-09-24-a86983c0dbbb3433f34f42682dda4cdf.jpg', '2019-09-24 12:10:02', 'partner', 897500, NULL, NULL, 0, 897500, 26.5, 0, NULL, 0, NULL, '07.00-10.00', '2019-09-25', '2019-09-24 12:07:31', '4'),
(39990393, 'INV2409201939990393', 15296, 'Enly', NULL, 'Jl.melati V no.27 Rt.11 Rw.09 cengkareng indah', 'KAPUK', 'CENGKARENG', 'JAKARTA BARAT', 'DKI JAKARTA', '11720', '-6.1490330370938215', '106.74470650032163', 15275, 'MYR0016', 'manual', 'images/payment-mobile-2019-09-25-8c660077d98ed2d034ead11286394165.jpg', '2019-09-25 10:56:12', 'partner', 3965000, NULL, NULL, 0, 3965000, 65, 2.87, NULL, 0, NULL, '07.00-10.00', '2019-09-26', '2019-09-24 19:11:20', '4'),
(39990394, 'INV2509201939990394', 15276, 'Tfc Yuana', NULL, 'Taman holandia jalan volendam no.33 lippo karawaci utara', 'PANUNGGANGAN BARAT', 'CIBODAS', 'TANGERANG', 'BANTEN', '15138', '-6.223282888669772', '106.62458410486579', 15282, 'MYR0017', 'manual', 'images/payment-mobile-2019-09-25-2cc22bcd076c98938a57884d7d124d7d.jpg', '2019-09-25 13:02:20', 'partner', 249500, NULL, NULL, 0, 249500, 6.1, 0.52, NULL, 0, NULL, '07.00-10.00', '2019-09-26', '2019-09-25 13:00:49', '4'),
(39990395, 'INV2609201939990395', 15276, 'Tfc Yuana', NULL, 'Taman holandia jalan volendam no.33 lippo karawaci utara', 'PANUNGGANGAN BARAT', 'CIBODAS', 'TANGERANG', 'BANTEN', '15138', '-6.223282888669772', '106.62458410486579', 15282, 'MYR0017', 'manual', 'images/payment-mobile-2019-09-26-ebe17edf53508b70453626ef3b599794.jpg', '2019-09-26 10:43:16', 'partner', 545000, NULL, NULL, 0, 545000, 13, 0.52, NULL, 0, NULL, '07.00-10.00', '2019-09-27', '2019-09-26 10:41:12', '4'),
(39990396, 'INV2609201939990396', 15106, 'Atha Oey', NULL, 'Green Lake City Ruko Wallstreet No.A30, RT.008/RW.009, Petir, Kec. Cipondoh, Kota Tangerang, Banten 15147, Indonesia', 'KELAPA DUA', 'KEBON JERUK', 'JAKARTA BARAT', 'DKI JAKARTA', '15147', '-6.183874', '106.7096758', 15108, 'MYR0013', NULL, NULL, NULL, 'customer', 103000, NULL, NULL, 0, 106000, 2.4, 0.03, NULL, 3000, NULL, '07.00-10.00', '2019-09-28', '2019-09-26 16:01:28', '5'),
(39990397, 'INV2709201939990397', 15315, 'Sovie Liestiyani', NULL, 'Komplek Hankam Jl. Gelatik No. K 15 Jakarta Barat', 'PALMERAH', 'PALMERAH', 'JAKARTA BARAT', 'DKI JAKARTA', '11480', '-6.196447202721118', '106.7923472262919', 15274, 'MYR0015', NULL, NULL, NULL, 'customer', 104000, NULL, NULL, 0, 124000, 3.9, 7.46, NULL, 20000, NULL, '07.00-10.00', '2019-09-28', '2019-09-27 08:48:40', '5'),
(39990398, 'INV2709201939990398', 15315, 'Sovie Liestiyani', NULL, 'Komplek Hankam Jl. Gelatik No. K 15 Jakarta Barat', 'PALMERAH', 'PALMERAH', 'JAKARTA BARAT', 'DKI JAKARTA', '11480', '-6.196447202721118', '106.7923472262919', 15274, 'MYR0015', NULL, NULL, NULL, 'customer', 74500, NULL, NULL, 0, 94500, 3, 7.46, NULL, 20000, NULL, '07.00-10.00', '2019-09-28', '2019-09-27 09:14:44', '5'),
(39990399, 'INV2709201939990399', 15315, 'Sovie Liestiyani', NULL, 'Komplek Hankam Jl. Gelatik No. K 15 Jakarta Barat', 'PALMERAH', 'PALMERAH', 'JAKARTA BARAT', 'DKI JAKARTA', '11480', '-6.196447202721118', '106.7923472262919', 15274, 'MYR0015', NULL, 'https://meyerfood.id/billing/checkout/39990399', NULL, 'customer', 74500, NULL, NULL, 0, 94500, 3, 7.46, NULL, 20000, NULL, '07.00-10.00', '2019-09-28', '2019-09-27 09:15:40', '3'),
(39990400, 'INV2709201939990400', 15282, 'Kumala Sari', NULL, 'Taman holandia jalan Volendam no. 33', 'PAKU JAYA', 'SERPONG UTARA', 'TANGERANG', 'BANTEN', '15138', '-6.221725', '106.62018460000002', 15282, 'MYR0017', 'manual', 'images/payment-mobile-2019-09-27-5a09905e3c59c36ab70c2ede0c56ec44.jpg', '2019-09-27 12:47:49', 'partner', 1027500, NULL, NULL, 0, 1027500, 17.9, 0, NULL, 0, NULL, '07.00-10.00', '2019-09-28', '2019-09-27 12:45:30', '3'),
(39990401, 'INV2709201939990401', 15106, 'Atha Oey', NULL, 'Green Lake City Ruko Wallstreet No.A30, RT.008/RW.009, Petir, Kec. Cipondoh, Kota Tangerang, Banten 15147, Indonesia', 'KELAPA DUA', 'KEBON JERUK', 'JAKARTA BARAT', 'DKI JAKARTA', '15147', '-6.183874', '106.7096758', 15108, 'MYR0013', NULL, NULL, NULL, 'customer', 38000, NULL, NULL, 0, 41000, 1, 0.03, NULL, 3000, NULL, '07.00-10.00', '2019-09-29', '2019-09-27 14:06:21', '5'),
(39990402, 'INV2709201939990402', 15282, 'Kumala Sari', NULL, 'Taman holandia jalan Volendam no. 33', 'PAKU JAYA', 'SERPONG UTARA', 'TANGERANG', 'BANTEN', '15138', '-6.221725', '106.62018460000002', 15282, 'MYR0017', NULL, 'https://app.sandbox.midtrans.com/snap/v2/vtweb/58d356ef-5872-4c2a-bd3d-c9b1e7bc3721', NULL, 'partner', 1045000, NULL, NULL, 0, 1045000, 20.4, 0, NULL, 0, NULL, '07.00-10.00', '2019-09-29', '2019-09-27 15:52:15', '1');

-- --------------------------------------------------------

--
-- Table structure for table `order_detail`
--

CREATE TABLE `order_detail` (
  `id` int(11) NOT NULL,
  `product_id` int(11) DEFAULT NULL,
  `order_id` int(11) DEFAULT NULL,
  `price` double DEFAULT NULL,
  `price_agent` double DEFAULT NULL,
  `qty` int(11) DEFAULT NULL,
  `total_price` double DEFAULT NULL
) ENGINE=InnoDB DEFAULT CHARSET=latin1;

--
-- Dumping data for table `order_detail`
--

INSERT INTO `order_detail` (`id`, `product_id`, `order_id`, `price`, `price_agent`, `qty`, `total_price`) VALUES
(527, 46, 39990063, 40000, 40000, 1, 40000),
(528, 46, 39990064, 40000, 40000, 2, 80000),
(529, 46, 39990065, 40000, 40000, 3, 120000),
(530, 46, 39990066, 40000, 40000, 4, 160000),
(531, 46, 39990067, 40000, 40000, 4, 160000),
(532, 46, 39990068, 40000, 40000, 1, 40000),
(533, 46, 39990069, 40000, 40000, 2, 80000),
(534, 46, 39990070, 40000, 40000, 2, 80000),
(535, 46, 39990071, 40000, 40000, 4, 160000),
(536, 46, 39990072, 40000, 40000, 4, 160000),
(537, 46, 39990073, 40000, 40000, 2, 80000),
(538, 46, 39990074, 40000, 40000, 1, 40000),
(539, 46, 39990075, 40000, 40000, 1, 40000),
(540, 46, 39990076, 40000, 40000, 4, 160000),
(541, 46, 39990077, 40000, 40000, 2, 80000),
(542, 46, 39990078, 40000, 40000, 2, 80000),
(543, 46, 39990079, 40000, 40000, 4, 160000),
(544, 46, 39990080, 40000, 40000, 4, 160000),
(545, 46, 39990081, 40000, 40000, 4, 160000),
(546, 46, 39990082, 40000, 40000, 2, 80000),
(547, 46, 39990083, 40000, 40000, 4, 160000),
(548, 46, 39990084, 40000, 40000, 4, 160000),
(549, 46, 39990085, 40000, 40000, 1, 40000),
(550, 46, 39990086, 40000, 40000, 1, 40000),
(551, 46, 39990087, 40000, 40000, 4, 160000),
(552, 46, 39990088, 40000, 40000, 4, 160000),
(553, 46, 39990089, 40000, 40000, 1, 40000),
(554, 46, 39990090, 40000, 40000, 2, 80000),
(555, 46, 39990091, 40000, 40000, 4, 160000),
(556, 46, 39990092, 40000, 40000, 2, 80000),
(557, 46, 39990093, 40000, 40000, 4, 160000),
(558, 46, 39990094, 40000, 40000, 3, 120000),
(559, 46, 39990095, 40000, 40000, 2, 80000),
(560, 46, 39990096, 40000, 40000, 1, 40000),
(561, 46, 39990097, 40000, 40000, 1, 40000),
(562, 46, 39990098, 40000, 40000, 4, 160000),
(563, 46, 39990099, 40000, 40000, 2, 80000),
(565, 46, 39990101, 40000, 40000, 1, 40000),
(566, 46, 39990102, 40000, 40000, 2, 80000),
(567, 46, 39990103, 40000, 40000, 2, 80000),
(568, 46, 39990104, 40000, 40000, 4, 160000),
(569, 46, 39990105, 40000, 40000, 1, 40000),
(570, 46, 39990106, 40000, 40000, 1, 40000),
(571, 46, 39990107, 40000, 40000, 1, 40000),
(572, 46, 39990108, 40000, 40000, 4, 160000),
(573, 46, 39990109, 40000, 40000, 2, 80000),
(574, 46, 39990110, 40000, 40000, 4, 160000),
(575, 46, 39990111, 40000, 40000, 3, 120000),
(576, 46, 39990112, 40000, 40000, 3, 120000),
(577, 46, 39990113, 40000, 40000, 2, 80000),
(578, 46, 39990114, 40000, 40000, 1, 40000),
(579, 46, 39990115, 40000, 40000, 2, 80000),
(580, 46, 39990116, 40000, 40000, 3, 120000),
(581, 46, 39990117, 40000, 40000, 2, 80000),
(582, 46, 39990118, 40000, 40000, 2, 80000),
(583, 46, 39990119, 40000, 40000, 1, 40000),
(584, 46, 39990120, 40000, 40000, 2, 80000),
(585, 46, 39990121, 40000, 40000, 1, 40000),
(586, 46, 39990122, 40000, 40000, 2, 80000),
(587, 46, 39990123, 40000, 40000, 2, 80000),
(588, 46, 39990124, 40000, 40000, 3, 120000),
(589, 46, 39990125, 40000, 40000, 4, 160000),
(590, 46, 39990126, 40000, 40000, 1, 40000),
(591, 46, 39990127, 40000, 40000, 1, 40000),
(592, 46, 39990128, 40000, 40000, 1, 40000),
(593, 46, 39990129, 40000, 40000, 4, 160000),
(594, 46, 39990130, 40000, 40000, 2, 80000),
(595, 46, 39990131, 40000, 40000, 4, 160000),
(596, 46, 39990132, 40000, 40000, 4, 160000),
(597, 46, 39990133, 40000, 40000, 1, 40000),
(598, 46, 39990134, 40000, 40000, 2, 80000),
(599, 46, 39990135, 40000, 40000, 1, 40000),
(600, 46, 39990136, 40000, 40000, 1, 40000),
(601, 46, 39990137, 40000, 40000, 1, 40000),
(602, 46, 39990138, 40000, 40000, 2, 80000),
(603, 46, 39990139, 40000, 40000, 2, 80000),
(604, 46, 39990140, 40000, 40000, 1, 40000),
(605, 46, 39990141, 40000, 40000, 3, 120000),
(606, 46, 39990142, 40000, 40000, 4, 160000),
(607, 46, 39990143, 40000, 40000, 4, 160000),
(608, 46, 39990144, 40000, 40000, 1, 40000),
(609, 46, 39990145, 40000, 40000, 2, 80000),
(610, 46, 39990146, 40000, 40000, 2, 80000),
(611, 46, 39990147, 40000, 40000, 2, 80000),
(612, 46, 39990148, 40000, 40000, 3, 120000),
(613, 46, 39990149, 40000, 40000, 4, 160000),
(614, 46, 39990150, 40000, 40000, 1, 40000),
(615, 46, 39990151, 40000, 40000, 3, 120000),
(616, 46, 39990152, 40000, 40000, 2, 80000),
(617, 46, 39990153, 40000, 40000, 2, 80000),
(618, 46, 39990154, 40000, 40000, 1, 40000),
(619, 46, 39990155, 40000, 40000, 1, 40000),
(621, 46, 39990157, 40000, 40000, 1, 40000),
(622, 46, 39990158, 40000, 40000, 3, 120000),
(623, 46, 39990159, 40000, 40000, 2, 80000),
(624, 46, 39990160, 40000, 40000, 4, 160000),
(625, 46, 39990161, 40000, 40000, 4, 160000),
(626, 46, 39990162, 40000, 40000, 4, 160000),
(627, 46, 39990163, 40000, 40000, 2, 80000),
(628, 46, 39990164, 40000, 40000, 4, 160000),
(629, 46, 39990165, 40000, 40000, 2, 80000),
(633, 46, 39990168, 40000, 40000, 4, 160000),
(634, 46, 39990169, 40000, 40000, 4, 160000),
(635, 46, 39990170, 40000, 40000, 4, 160000),
(636, 46, 39990171, 40000, 40000, 2, 80000),
(637, 46, 39990172, 40000, 40000, 1, 40000),
(638, 46, 39990173, 40000, 40000, 2, 80000),
(639, 46, 39990174, 40000, 40000, 2, 80000),
(640, 46, 39990175, 40000, 40000, 2, 80000),
(641, 46, 39990176, 40000, 40000, 2, 80000),
(642, 46, 39990177, 40000, 40000, 2, 80000),
(643, 46, 39990178, 40000, 40000, 4, 160000),
(644, 46, 39990179, 40000, 40000, 3, 120000),
(645, 46, 39990180, 40000, 40000, 2, 80000),
(646, 46, 39990181, 40000, 40000, 4, 160000),
(647, 46, 39990182, 40000, 40000, 1, 40000),
(648, 46, 39990183, 40000, 40000, 1, 40000),
(649, 46, 39990184, 40000, 40000, 2, 80000),
(650, 46, 39990185, 40000, 40000, 2, 80000),
(651, 46, 39990186, 40000, 40000, 4, 160000),
(652, 46, 39990187, 40000, 40000, 4, 160000),
(653, 46, 39990188, 40000, 40000, 4, 160000),
(654, 46, 39990189, 40000, 40000, 1, 40000),
(655, 46, 39990190, 40000, 40000, 2, 80000),
(656, 46, 39990191, 40000, 40000, 3, 120000),
(657, 46, 39990192, 40000, 40000, 1, 40000),
(658, 46, 39990193, 40000, 40000, 1, 40000),
(659, 46, 39990194, 40000, 40000, 2, 80000),
(660, 46, 39990195, 40000, 40000, 2, 80000),
(661, 46, 39990196, 40000, 40000, 4, 160000),
(662, 46, 39990197, 40000, 40000, 2, 80000),
(663, 46, 39990198, 40000, 40000, 1, 40000),
(664, 46, 39990199, 40000, 40000, 3, 120000),
(665, 46, 39990200, 40000, 40000, 2, 80000),
(666, 46, 39990201, 40000, 40000, 4, 160000),
(668, 46, 39990203, 40000, 40000, 4, 160000),
(669, 46, 39990204, 40000, 40000, 4, 160000),
(670, 46, 39990205, 40000, 40000, 4, 160000),
(671, 46, 39990206, 40000, 40000, 4, 160000),
(672, 46, 39990207, 40000, 40000, 4, 160000),
(673, 46, 39990208, 40000, 40000, 1, 40000),
(674, 46, 39990209, 40000, 40000, 1, 40000),
(675, 46, 39990210, 40000, 40000, 1, 40000),
(676, 46, 39990211, 40000, 40000, 4, 160000),
(677, 46, 39990212, 40000, 40000, 3, 120000),
(678, 46, 39990213, 40000, 40000, 4, 160000),
(679, 46, 39990214, 40000, 40000, 2, 80000),
(680, 46, 39990215, 40000, 40000, 2, 80000),
(681, 46, 39990216, 40000, 40000, 2, 80000),
(682, 46, 39990217, 40000, 40000, 2, 80000),
(683, 46, 39990218, 40000, 40000, 1, 40000),
(684, 46, 39990219, 40000, 40000, 3, 120000),
(685, 46, 39990220, 40000, 40000, 3, 120000),
(686, 46, 39990221, 40000, 40000, 2, 80000),
(687, 46, 39990222, 40000, 40000, 3, 120000),
(688, 46, 39990223, 40000, 40000, 2, 80000),
(689, 46, 39990224, 40000, 40000, 1, 40000),
(690, 46, 39990225, 40000, 40000, 2, 80000),
(691, 46, 39990226, 40000, 40000, 2, 80000),
(692, 46, 39990227, 40000, 40000, 4, 160000),
(693, 46, 39990228, 40000, 40000, 1, 40000),
(694, 46, 39990229, 40000, 40000, 3, 120000),
(695, 46, 39990230, 40000, 40000, 2, 80000),
(696, 46, 39990231, 40000, 40000, 1, 40000),
(697, 46, 39990232, 40000, 40000, 1, 40000),
(698, 46, 39990233, 40000, 40000, 2, 80000),
(699, 46, 39990234, 40000, 40000, 3, 120000),
(700, 46, 39990235, 40000, 40000, 4, 160000),
(701, 46, 39990236, 40000, 40000, 4, 160000),
(702, 46, 39990237, 40000, 40000, 4, 160000),
(703, 46, 39990238, 40000, 40000, 1, 40000),
(704, 46, 39990239, 40000, 40000, 4, 160000),
(705, 46, 39990240, 40000, 40000, 4, 160000),
(706, 46, 39990241, 40000, 40000, 3, 120000),
(707, 46, 39990242, 40000, 40000, 3, 120000),
(708, 46, 39990243, 40000, 40000, 2, 80000),
(709, 46, 39990244, 40000, 40000, 4, 160000),
(715, 47, 39990249, 50000, 50000, 15, 750000),
(716, 47, 39990250, 50000, 50000, 2, 100000),
(720, 47, 39990254, 50000, 50000, 25, 1250000),
(721, 46, 39990255, 50000, 50000, 1, 50000),
(722, 46, 39990256, 50000, 50000, 1, 50000),
(723, 46, 39990257, 50000, 50000, 1, 50000),
(726, 47, 39990260, 50000, 50000, 50, 2500000),
(735, 46, 39990268, 50000, 50000, 2, 100000),
(736, 46, 39990269, 50000, 50000, 2, 100000),
(742, 47, 39990275, 50000, 50000, 25, 1250000),
(743, 27, 39990276, 43000, 43000, 2, 86000),
(744, 46, 39990276, 50000, 50000, 2, 100000),
(745, 3, 39990276, 25000, 25000, 6, 150000),
(746, 47, 39990277, 50000, 50000, 25, 1250000),
(751, 46, 39990282, 50000, 50000, 3, 150000),
(752, 46, 39990283, 50000, 50000, 3, 150000),
(766, 13, 39990296, 27500, 27500, 6, 165000),
(767, 46, 39990296, 50000, 50000, 6, 300000),
(768, 5, 39990296, 29000, 29000, 10, 290000),
(781, 47, 39990306, 50000, 50000, 30, 1500000),
(786, 51, 39990309, 41000, 40000, 1, 41000),
(787, 10, 39990309, 25500, 25500, 15, 382500),
(806, 5, 39990318, 29000, 29000, 1, 29000),
(807, 6, 39990318, 32000, 32000, 1, 32000),
(808, 46, 39990318, 50000, 50000, 1, 50000),
(809, 51, 39990319, 41000, 40000, 1, 41000),
(810, 10, 39990319, 25500, 25500, 15, 382500),
(811, 48, 39990320, 50000, 48000, 15, 750000),
(812, 46, 39990321, 50000, 50000, 7, 350000),
(813, 49, 39990322, 36000, 35000, 5, 180000),
(814, 50, 39990322, 38000, 37000, 1, 38000),
(815, 28, 39990323, 43000, 43000, 5, 215000),
(816, 47, 39990323, 50000, 50000, 25, 1250000),
(819, 47, 39990326, 50000, 50000, 10, 500000),
(820, 1, 39990326, 18000, 18000, 30, 540000),
(824, 10, 39990329, 25500, 25500, 20, 510000),
(825, 51, 39990330, 41000, 40000, 5, 205000),
(826, 46, 39990331, 50000, 50000, 8, 400000),
(827, 48, 39990332, 50000, 49000, 25, 1250000),
(828, 47, 39990332, 50000, 50000, 50, 2500000),
(829, 46, 39990333, 50000, 50000, 2, 100000),
(830, 54, 39990334, 32500, 31500, 2, 65000),
(831, 10, 39990334, 25500, 25500, 17, 433500),
(833, 35, 39990336, 20000, 19000, 1, 20000),
(834, 51, 39990337, 41000, 40000, 1, 41000),
(835, 27, 39990338, 43000, 43000, 10, 430000),
(836, 47, 39990338, 50000, 50000, 50, 2500000),
(837, 34, 39990339, 22000, 22000, 1, 22000),
(838, 47, 39990339, 50000, 50000, 2, 100000),
(839, 33, 39990340, 24000, 23000, 4, 96000),
(840, 33, 39990341, 24000, 23000, 4, 96000),
(841, 29, 39990342, 38000, 37000, 1, 38000),
(842, 46, 39990343, 50000, 50000, 1, 50000),
(843, 10, 39990344, 25500, 25500, 5, 127500),
(844, 31, 39990344, 44000, 44000, 1, 44000),
(845, 33, 39990345, 24000, 23000, 1, 24000),
(846, 40, 39990346, 30000, 29000, 108, 3240000),
(847, 30, 39990347, 44000, 44000, 2, 88000),
(848, 46, 39990348, 50000, 50000, 2, 100000),
(849, 32, 39990349, 30500, 30500, 1, 30500),
(850, 10, 39990350, 25500, 25500, 25, 637500),
(851, 51, 39990351, 41000, 40000, 1, 41000),
(852, 51, 39990352, 41000, 40000, 1, 41000),
(853, 51, 39990353, 41000, 40000, 1, 41000),
(854, 54, 39990353, 32500, 31500, 1, 32500),
(855, 10, 39990354, 25500, 25500, 50, 1275000),
(856, 52, 39990355, 30000, 29000, 10, 300000),
(857, 10, 39990355, 25500, 25500, 15, 382500),
(858, 35, 39990355, 20000, 19000, 4, 80000),
(859, 53, 39990355, 22000, 21000, 2, 44000),
(860, 46, 39990355, 50000, 50000, 8, 400000),
(861, 51, 39990356, 41000, 40000, 5, 205000),
(862, 21, 39990357, 35000, 35000, 1, 35000),
(863, 29, 39990357, 38000, 37000, 1, 38000),
(864, 40, 39990357, 30000, 29000, 1, 30000),
(865, 3, 39990358, 25000, 25000, 2, 50000),
(866, 48, 39990359, 50000, 49000, 25, 1250000),
(867, 47, 39990359, 50000, 50000, 50, 2500000),
(868, 31, 39990360, 44000, 44000, 1, 44000),
(869, 10, 39990361, 25500, 25500, 15, 382500),
(870, 47, 39990361, 50000, 50000, 5, 250000),
(871, 46, 39990361, 50000, 50000, 5, 250000),
(872, 10, 39990362, 25500, 25500, 10, 255000),
(873, 47, 39990363, 50000, 50000, 75, 3750000),
(874, 51, 39990364, 41000, 40000, 1, 41000),
(875, 40, 39990365, 30000, 29000, 1, 30000),
(876, 14, 39990366, 29500, 29500, 1, 29500),
(877, 12, 39990366, 27500, 27500, 1, 27500),
(878, 16, 39990366, 32500, 32500, 1, 32500),
(879, 27, 39990366, 43000, 43000, 1, 43000),
(880, 29, 39990366, 38000, 37000, 1, 38000),
(881, 35, 39990367, 20000, 19000, 4, 80000),
(882, 53, 39990367, 22000, 21000, 2, 44000),
(883, 10, 39990367, 25500, 25500, 10, 255000),
(884, 46, 39990368, 50000, 50000, 9, 450000),
(885, 47, 39990368, 50000, 50000, 5, 250000),
(886, 10, 39990368, 25500, 25500, 35, 892500),
(887, 55, 39990369, 37000, 36000, 10, 370000),
(888, 46, 39990370, 50000, 50000, 1, 50000),
(889, 10, 39990371, 25500, 25500, 40, 1020000),
(890, 47, 39990371, 50000, 50000, 5, 250000),
(891, 46, 39990372, 50000, 50000, 3, 150000),
(892, 46, 39990373, 50000, 50000, 3, 150000),
(894, 46, 39990375, 50000, 50000, 1, 50000),
(895, 47, 39990376, 50000, 50000, 75, 3750000),
(896, 46, 39990377, 50000, 50000, 1, 50000),
(897, 29, 39990378, 38000, 37000, 1, 38000),
(898, 10, 39990379, 25500, 25500, 10, 255000),
(899, 47, 39990379, 50000, 50000, 5, 250000),
(900, 48, 39990379, 50000, 49000, 1, 50000),
(901, 46, 39990380, 50000, 50000, 10, 500000),
(902, 52, 39990380, 30000, 29000, 8, 240000),
(903, 48, 39990380, 50000, 49000, 8, 400000),
(904, 10, 39990380, 25500, 25500, 10, 255000),
(905, 55, 39990381, 37000, 36000, 10, 370000),
(906, 27, 39990382, 43000, 43000, 10, 430000),
(907, 48, 39990382, 50000, 49000, 25, 1250000),
(908, 47, 39990382, 50000, 50000, 75, 3750000),
(909, 46, 39990383, 50000, 50000, 2, 100000),
(910, 46, 39990384, 50000, 50000, 2, 100000),
(911, 48, 39990385, 50000, 49000, 1, 50000),
(912, 47, 39990385, 50000, 50000, 3, 150000),
(913, 10, 39990385, 25500, 25500, 15, 382500),
(914, 46, 39990385, 50000, 50000, 10, 500000),
(918, 10, 39990389, 25500, 25500, 21, 535500),
(919, 55, 39990390, 37000, 36000, 10, 370000),
(920, 48, 39990390, 50000, 49000, 2, 100000),
(921, 47, 39990390, 50000, 50000, 3, 150000),
(922, 10, 39990390, 25500, 25500, 21, 535500),
(923, 10, 39990391, 25500, 25500, 21, 535500),
(924, 35, 39990392, 20000, 19000, 1, 20000),
(925, 10, 39990392, 25500, 25500, 25, 637500),
(926, 40, 39990392, 30000, 29000, 4, 120000),
(927, 52, 39990392, 30000, 29000, 4, 120000),
(928, 27, 39990393, 43000, 43000, 5, 215000),
(929, 47, 39990393, 50000, 50000, 75, 3750000),
(930, 47, 39990394, 50000, 50000, 2, 100000),
(931, 10, 39990394, 25500, 25500, 5, 127500),
(932, 34, 39990394, 22000, 22000, 1, 22000),
(933, 35, 39990395, 20000, 19000, 2, 40000),
(934, 46, 39990395, 50000, 50000, 5, 250000),
(935, 10, 39990395, 25500, 25500, 10, 255000),
(936, 48, 39990396, 50000, 49000, 1, 50000),
(937, 4, 39990396, 26500, 26500, 2, 53000),
(938, 34, 39990397, 22000, 22000, 1, 22000),
(939, 37, 39990397, 13000, 12000, 1, 13000),
(940, 15, 39990397, 29500, 29500, 1, 29500),
(941, 40, 39990397, 39500, 38500, 1, 39500),
(942, 37, 39990398, 13000, 12000, 1, 13000),
(943, 34, 39990398, 22000, 22000, 1, 22000),
(944, 40, 39990398, 39500, 38500, 1, 39500),
(945, 37, 39990399, 13000, 12000, 1, 13000),
(946, 34, 39990399, 22000, 22000, 1, 22000),
(947, 40, 39990399, 39500, 38500, 1, 39500),
(948, 46, 39990400, 50000, 50000, 10, 500000),
(949, 48, 39990400, 50000, 49000, 3, 150000),
(950, 47, 39990400, 50000, 50000, 5, 250000),
(951, 10, 39990400, 25500, 25500, 5, 127500),
(952, 29, 39990401, 38000, 37000, 1, 38000),
(953, 52, 39990402, 39500, 38500, 10, 395000),
(954, 48, 39990402, 50000, 49000, 13, 650000);

-- --------------------------------------------------------

--
-- Table structure for table `product`
--

CREATE TABLE `product` (
  `id` int(11) NOT NULL,
  `product_name` varchar(255) DEFAULT NULL,
  `category` int(11) DEFAULT NULL,
  `type` varchar(30) DEFAULT NULL,
  `item` varchar(30) DEFAULT NULL,
  `weight` float DEFAULT NULL,
  `sku` varchar(100) DEFAULT NULL,
  `price_sell` double DEFAULT NULL,
  `price_promo` double DEFAULT NULL,
  `price_agent` double DEFAULT NULL,
  `photo` varchar(300) DEFAULT NULL,
  `recommendation` varchar(20) DEFAULT NULL,
  `description` text DEFAULT NULL,
  `status` varchar(10) DEFAULT NULL,
  `ordering` int(11) DEFAULT NULL
) ENGINE=InnoDB DEFAULT CHARSET=latin1;

--
-- Dumping data for table `product`
--

INSERT INTO `product` (`id`, `product_name`, `category`, `type`, `item`, `weight`, `sku`, `price_sell`, `price_promo`, `price_agent`, `photo`, `recommendation`, `description`, `status`, `ordering`) VALUES
(1, 'Karkas ukuran  0,5 - 0,6', 1, 'fresh', 'pack', 0.5, 'SKU000101010', 18000, 0, 17000, 'images/product-2019-09-26-113231.jpg', NULL, 'Kenalan Yuk!\r\n\r\nAyam karkas ukuran 0.5-0.6 kg dari Meyer Food biasa dipotong 4 cocok untuk penggunaan rumah makan Padang atau bisa juga untuk kamu yang mau masak ayam bakar atau goreng di rumah. \r\nAyam Karkas adalah ayam potong utuh yang telah dibersihkan tanpa jeroan, ceker, kepala, darah, dan bulu. Semua ayam fresh yang dipotong di malam hari lalu dikirim keesokan harinya. Dilengkapi dengan sertifikasi Halal dan NKV, ayam karkas ini terbebas dari virus flu burung, higienis, serta melalui proses pemotongan yang modern dan terbebas dari zat berbahaya.', '0', NULL),
(2, 'Karkas ukuran  0,6 - 0,7', 1, 'fresh', 'pack', 0.6, 'SKU000101010', 20500, 0, 19500, 'images/product-2019-09-26-113159.jpg', NULL, 'Kenalan Yuk!\r\n\r\nAyam karkas ukuran 0.6-0.7 kg dari Meyer Food biasa dipotong 4 cocok untuk penggunaan pecel ayam dan rumah makan Padang atau bisa juga untuk kamu yang mau masak ayam bakar atau goreng di rumah. \r\nAyam Karkas adalah ayam potong utuh yang telah dibersihkan tanpa jeroan, ceker, kepala, darah, dan bulu. Semua ayam fresh yang dipotong di malam hari lalu dikirim keesokan harinya. Dilengkapi dengan sertifikasi Halal dan NKV, ayam karkas ini terbebas dari virus flu burung, higienis, serta melalui proses pemotongan yang modern dan terbebas dari zat berbahaya.', '0', NULL),
(3, 'Karkas ukuran  0,7 - 0,8', 1, 'fresh', 'pack', 0.7, 'SKU000101010', 25000, 0, 24000, 'images/product-2019-09-26-113126.jpg', NULL, 'Kenalan Yuk!\r\n\r\nAyam karkas ukuran 0.7-0.8 kg dari Meyer Food biasa dipotong 4 cocok untuk penggunaan pecel ayam atau bisa juga untuk kamu yang mau masak ayam bakar atau goreng di rumah. \r\nAyam Karkas adalah ayam potong utuh yang telah dibersihkan tanpa jeroan, ceker, kepala, darah, dan bulu. Semua ayam fresh yang dipotong di malam hari lalu dikirim keesokan harinya. Dilengkapi dengan sertifikasi Halal dan NKV, ayam karkas ini terbebas dari virus flu burung, higienis, serta melalui proses pemotongan yang modern dan terbebas dari zat berbahaya.', '1', NULL),
(4, 'Karkas ukuran  0,8 - 0,9', 1, 'fresh', 'pack', 0.8, 'SKU000101010', 26500, 0, 25500, 'images/product-2019-09-26-113045.jpg', NULL, 'Kenalan Yuk!\r\n\r\nAyam karkas ukuran 0.8-0.9 kg dari Meyer Food biasa dipotong 4 atau 6 cocok untuk penggunaan pecel ayam atau bisa juga untuk kamu yang mau masak ayam bakar atau goreng di rumah. \r\nAyam Karkas adalah ayam potong utuh yang telah dibersihkan tanpa jeroan, ceker, kepala, darah, dan bulu. Semua ayam fresh yang dipotong di malam hari lalu dikirim keesokan harinya. Dilengkapi dengan sertifikasi Halal dan NKV, ayam karkas ini terbebas dari virus flu burung, higienis, serta melalui proses pemotongan yang modern dan terbebas dari zat berbahaya.', '1', NULL),
(5, 'Karkas ukuran  0,9 - 1,0', 1, 'fresh', 'pack', 0.9, 'SKU000101010', 29000, 0, 28000, 'images/product-2019-09-26-113013.jpg', NULL, 'Daging ayam segar berkualitas cocok untuk pasokan ke rumah sakit, hotel ataupun restoran dan cafe yang selalu menyediakan menu masakan dari daging ayam. Bagi anda yang membutuhkan suplai daging ayam segar segera hubung kami atau cek harga ayam terbaru untuk melihat update harga ayam sekarang. Bagi anda yan ingin bekerjasama atau mempunyai bisnis supllier daging ayam, jangan ragu hubungi kami.', '1', NULL),
(6, 'Karkas ukuran  1,0 - 1,1', 1, 'fresh', 'pack', 1, 'SKU000101010', 32000, 0, 31000, 'images/product-2019-09-26-112457.jpg', NULL, 'Daging ayam segar berkualitas cocok untuk pasokan ke rumah sakit, hotel ataupun restoran dan cafe yang selalu menyediakan menu masakan dari daging ayam. Bagi anda yang membutuhkan suplai daging ayam segar segera hubung kami atau cek harga ayam terbaru untuk melihat update harga ayam sekarang. Bagi anda yan ingin bekerjasama atau mempunyai bisnis supllier daging ayam, jangan ragu hubungi kami.', '1', NULL),
(7, 'Karkas Ukuran  1,1 - 1,2 kg', 1, 'fresh', 'pack', 1.1, 'SKU000101010', 34500, 0, 33500, 'images/product-2019-09-26-112333.jpg', NULL, 'Kenalan Yuk!\r\n\r\nAyam Karkas adalah ayam potong utuh yang telah dibersihkan tanpa jeroan, ceker, kepala, darah, dan bulu. Ayam karkas ukuran 1.1-1.2 kg dari Meyer Food biasa dipakai untuk kebutuhan Fried Chicken. Semua ayam fresh yang dipotong di malam hari lalu dikirim keesokan harinya. Dilengkapi dengan sertifikasi Halal dan NKV, ayam karkas ini terbebas dari virus flu burung, higienis, serta melalui proses pemotongan yang modern dan terbebas dari zat berbahaya.', '1', NULL),
(8, 'Karkas 0,5-0,6 Pot 4', 2, 'fresh', 'pack', 0.5, 'SKU0000002', 18500, 0, 17500, 'images/product-2019-08-22-132413.jpg', NULL, 'Daging ayam segar berkualitas cocok untuk pasokan ke rumah sakit, hotel ataupun restoran dan cafe yang selalu menyediakan menu masakan dari daging ayam. Bagi anda yang membutuhkan suplai daging ayam segar segera hubung kami atau cek harga ayam terbaru untuk melihat update harga ayam sekarang. Bagi anda yan ingin bekerjasama atau mempunyai bisnis supllier daging ayam, jangan ragu hubungi kami.', '0', NULL),
(9, 'Karkas 0,6-0,7 Pot 4', 2, 'fresh', 'pack', 0.6, 'SKU100000001', 21000, 0, 20000, 'images/product-2019-08-22-132508.jpg', NULL, 'Daging ayam segar berkualitas cocok untuk pasokan ke rumah sakit, hotel ataupun restoran dan cafe yang selalu menyediakan menu masakan dari daging ayam. Bagi anda yang membutuhkan suplai daging ayam segar segera hubung kami atau cek harga ayam terbaru untuk melihat update harga ayam sekarang. Bagi anda yan ingin bekerjasama atau mempunyai bisnis supllier daging ayam, jangan ragu hubungi kami.', '0', NULL),
(10, 'Karkas 0,7-0,8 Pot 4', 2, 'fresh', 'pack', 0.7, NULL, 25500, 0, 24500, 'images/product-2019-08-22-132517.jpg', NULL, 'Daging ayam segar berkualitas cocok untuk pasokan ke rumah sakit, hotel ataupun restoran dan cafe yang selalu menyediakan menu masakan dari daging ayam. Bagi anda yang membutuhkan suplai daging ayam segar segera hubung kami atau cek harga ayam terbaru untuk melihat update harga ayam sekarang. Bagi anda yan ingin bekerjasama atau mempunyai bisnis supllier daging ayam, jangan ragu hubungi kami.', '1', NULL),
(11, 'Karkas 0,7-0,8 Pot 8', 2, 'fresh', 'pack', 0.7, NULL, 25500, 0, 24500, 'images/product-2019-08-22-132526.jpg', NULL, 'Daging ayam segar berkualitas cocok untuk pasokan ke rumah sakit, hotel ataupun restoran dan cafe yang selalu menyediakan menu masakan dari daging ayam. Bagi anda yang membutuhkan suplai daging ayam segar segera hubung kami atau cek harga ayam terbaru untuk melihat update harga ayam sekarang. Bagi anda yan ingin bekerjasama atau mempunyai bisnis supllier daging ayam, jangan ragu hubungi kami.', '1', NULL),
(12, 'Karkas 0,8-0,9 Pot 8', 2, 'fresh', 'pack', 0.8, NULL, 27500, 0, 26500, 'images/product-2019-08-22-132551.jpg', NULL, 'Daging ayam segar berkualitas cocok untuk pasokan ke rumah sakit, hotel ataupun restoran dan cafe yang selalu menyediakan menu masakan dari daging ayam. Bagi anda yang membutuhkan suplai daging ayam segar segera hubung kami atau cek harga ayam terbaru untuk melihat update harga ayam sekarang. Bagi anda yan ingin bekerjasama atau mempunyai bisnis supllier daging ayam, jangan ragu hubungi kami.', '1', NULL),
(13, 'Karkas 0,8-0,9 Pot 10', 2, 'fresh', 'pack', 0.8, NULL, 27500, 0, 26500, 'images/product-2019-08-22-132600.jpg', NULL, 'Daging ayam segar berkualitas cocok untuk pasokan ke rumah sakit, hotel ataupun restoran dan cafe yang selalu menyediakan menu masakan dari daging ayam. Bagi anda yang membutuhkan suplai daging ayam segar segera hubung kami atau cek harga ayam terbaru untuk melihat update harga ayam sekarang. Bagi anda yan ingin bekerjasama atau mempunyai bisnis supllier daging ayam, jangan ragu hubungi kami.', '1', NULL),
(14, 'Karkas 0,9-1,0 Pot 10', 2, 'fresh', 'pack', 0.9, NULL, 29500, 0, 28500, 'images/product-2019-08-22-132608.jpg', NULL, 'Daging ayam segar berkualitas cocok untuk pasokan ke rumah sakit, hotel ataupun restoran dan cafe yang selalu menyediakan menu masakan dari daging ayam. Bagi anda yang membutuhkan suplai daging ayam segar segera hubung kami atau cek harga ayam terbaru untuk melihat update harga ayam sekarang. Bagi anda yan ingin bekerjasama atau mempunyai bisnis supllier daging ayam, jangan ragu hubungi kami.', '1', NULL),
(15, 'Karkas 0,9-1,0 Pot 12', 2, 'fresh', 'pack', 0.9, NULL, 29500, 0, 28500, 'images/product-2019-08-22-132617.jpg', NULL, 'Kenalan Yuk!\r\n\r\nAyam dari Meyer Food adalah ayam fresh yang dipotong di malam hari dengan proses pemotongan modern dan higienis. \r\nAyam ini cocok untuk dimasak sup, ayam kecap, ayam goreng tepung. Ayam karkas merupakan ayam potong utuh yang sudah dibersihkan tanpa ada jeroan, darah, ceker, kepala, dan bulu.', '1', NULL),
(16, 'Karkas 1,0-1,1 Pot 10', 2, 'fresh', 'pack', 1, NULL, 32500, 0, 31500, 'images/product-2019-08-22-132757.jpg', NULL, 'Daging ayam segar berkualitas cocok untuk pasokan ke rumah sakit, hotel ataupun restoran dan cafe yang selalu menyediakan menu masakan dari daging ayam. Bagi anda yang membutuhkan suplai daging ayam segar segera hubung kami atau cek harga ayam terbaru untuk melihat update harga ayam sekarang. Bagi anda yan ingin bekerjasama atau mempunyai bisnis supllier daging ayam, jangan ragu hubungi kami.', '1', NULL),
(17, 'Karkas 1,0-1,1 Pot 12', 2, 'fresh', 'pack', 1, NULL, 32500, 0, 31500, 'images/product-2019-08-22-132808.jpg', NULL, 'Daging ayam segar berkualitas cocok untuk pasokan ke rumah sakit, hotel ataupun restoran dan cafe yang selalu menyediakan menu masakan dari daging ayam. Bagi anda yang membutuhkan suplai daging ayam segar segera hubung kami atau cek harga ayam terbaru untuk melihat update harga ayam sekarang. Bagi anda yan ingin bekerjasama atau mempunyai bisnis supllier daging ayam, jangan ragu hubungi kami.', '1', NULL),
(18, 'Karkas Ukuran 1,1-1,2 kg Pot 9', 2, 'fresh', 'pack', 1.1, NULL, 35000, 0, 34000, 'images/product-2019-09-05-171250.PNG', NULL, 'Daging ayam segar berkualitas cocok untuk pasokan ke rumah sakit, hotel ataupun restoran dan cafe yang selalu menyediakan menu masakan dari daging ayam. Bagi anda yang membutuhkan suplai daging ayam segar segera hubung kami atau cek harga ayam terbaru untuk melihat update harga ayam sekarang. Bagi anda yan ingin bekerjasama atau mempunyai bisnis supllier daging ayam, jangan ragu hubungi kami.', '1', NULL),
(19, 'Karkas Ukuran 1,1-1,2 kg Pot 10', 2, 'fresh', 'pack', 1.1, NULL, 35000, 0, 34000, 'images/product-2019-09-05-171108.PNG', NULL, 'Daging ayam segar berkualitas cocok untuk pasokan ke rumah sakit, hotel ataupun restoran dan cafe yang selalu menyediakan menu masakan dari daging ayam. Bagi anda yang membutuhkan suplai daging ayam segar segera hubung kami atau cek harga ayam terbaru untuk melihat update harga ayam sekarang. Bagi anda yan ingin bekerjasama atau mempunyai bisnis supllier daging ayam, jangan ragu hubungi kami.', '1', NULL),
(20, 'Karkas Ukuran 1,1-1,2 kg Pot 12', 2, 'fresh', 'pack', 1.1, NULL, 35000, 0, 34000, 'images/product-2019-09-05-170930.PNG', NULL, 'Daging ayam segar berkualitas cocok untuk pasokan ke rumah sakit, hotel ataupun restoran dan cafe yang selalu menyediakan menu masakan dari daging ayam. Bagi anda yang membutuhkan suplai daging ayam segar segera hubung kami atau cek harga ayam terbaru untuk melihat update harga ayam sekarang. Bagi anda yan ingin bekerjasama atau mempunyai bisnis supllier daging ayam, jangan ragu hubungi kami.', '1', NULL),
(21, 'Karkas Ukuran 1,1-1,2 kg Pot 22', 2, 'fresh', 'pack', 1.1, NULL, 35000, 0, 34000, 'images/product-2019-09-05-170720.PNG', NULL, 'Daging ayam segar berkualitas cocok untuk pasokan ke rumah sakit, hotel ataupun restoran dan cafe yang selalu menyediakan menu masakan dari daging ayam. Bagi anda yang membutuhkan suplai daging ayam segar segera hubung kami atau cek harga ayam terbaru untuk melihat update harga ayam sekarang. Bagi anda yan ingin bekerjasama atau mempunyai bisnis supllier daging ayam, jangan ragu hubungi kami.', '1', NULL),
(22, 'Karkas Ukuran 1,2-1,3 kg Pot 12', 2, 'fresh', 'pack', 1.2, NULL, 38000, 0, 37000, 'images/product-2019-08-22-132951.jpg', NULL, 'Daging ayam segar berkualitas cocok untuk pasokan ke rumah sakit, hotel ataupun restoran dan cafe yang selalu menyediakan menu masakan dari daging ayam. Bagi anda yang membutuhkan suplai daging ayam segar segera hubung kami atau cek harga ayam terbaru untuk melihat update harga ayam sekarang. Bagi anda yan ingin bekerjasama atau mempunyai bisnis supllier daging ayam, jangan ragu hubungi kami.', '1', NULL),
(23, 'Karkas Ukuran 1.2-1.3 kg Pot 14', 2, 'fresh', 'pack', 1.2, NULL, 38000, 0, 37000, 'images/product-2019-08-22-133002.jpg', NULL, 'Daging ayam segar berkualitas cocok untuk pasokan ke rumah sakit, hotel ataupun restoran dan cafe yang selalu menyediakan menu masakan dari daging ayam. Bagi anda yang membutuhkan suplai daging ayam segar segera hubung kami atau cek harga ayam terbaru untuk melihat update harga ayam sekarang. Bagi anda yan ingin bekerjasama atau mempunyai bisnis supllier daging ayam, jangan ragu hubungi kami.', '1', NULL),
(24, 'Karkas 0,6 - 0,7 Belah 2', 2, 'fresh', 'pack', 0.6, NULL, 20500, 0, 19500, 'images/product-2019-08-22-133104.jpg', NULL, 'Daging ayam segar berkualitas cocok untuk pasokan ke rumah sakit, hotel ataupun restoran dan cafe yang selalu menyediakan menu masakan dari daging ayam. Bagi anda yang membutuhkan suplai daging ayam segar segera hubung kami atau cek harga ayam terbaru untuk melihat update harga ayam sekarang. Bagi anda yan ingin bekerjasama atau mempunyai bisnis supllier daging ayam, jangan ragu hubungi kami.', '0', NULL),
(25, 'Karkas Ukuran 0.7-0.8 kg Belah 2', 2, 'fresh', 'pack', 0.7, NULL, 25500, 0, 24500, 'images/product-2019-08-22-133042.jpg', NULL, 'Kenalan Yuk! \r\n\r\nAyam Karkas Ukuran 0.7-0.8 kg belah 2 atau biasa disebuh belah bekaka.', '0', NULL),
(26, 'Boneless Dada Kulit', 3, 'fresh', 'pack', 1, NULL, 43000, 0, 42000, 'images/product-2019-09-24-130318.jpg', NULL, 'Kenalan Yuk!\r\n\r\nBoneless dada kulit ini merupakan dada ayam tanpa tulang dengan kulit, sudah bersih, siap masak! Disediakan khusus untuk kamu yang mau masak ayam geprek dan Fried Chicken ala Taiwan. \r\n\r\nSemua ayam fresh yang dipotong di malam hari lalu dikirim keesokan harinya. Dilengkapi dengan sertifikasi Halal dan NKV, Boneless dada kulit ini terbebas dari virus flu burung, higienis, serta melalui proses pemotongan yang modern dan terbebas dari zat berbahaya.', '1', NULL),
(27, 'Boneless Dada Tanpa Kulit (Butterfly)', 3, 'fresh', 'pack', 1, NULL, 43000, 0, 42000, 'images/product-2019-09-26-100319.jpg', NULL, 'Kenalan Yuk!\r\n\r\nBoneless dada tanpa kulit merupakan dada ayam tanpa tulang dan kulit berbentuk butterfly, sudah bersih, siap masak! Disediakan khusus untuk kamu yang mau masak ayam geprek dan Fried Chicken ala Taiwan. \r\n\r\nSemua ayam fresh yang dipotong di malam hari lalu dikirim keesokan harinya. Dilengkapi dengan sertifikasi Halal dan NKV, Boneless dada tanpa kulit ini terbebas dari virus flu burung, higienis, serta melalui proses pemotongan yang modern dan terbebas dari zat berbahaya.', '1', NULL),
(28, 'Boneless Dada Single', 3, 'fresh', 'pack', 1, NULL, 43000, 0, 42000, 'images/product-2019-09-26-105720.jpg', NULL, 'Kenalan Yuk!\r\n\r\nBoneless dada single merupakan dada ayam tanpa tulang dan kulit Butterfly yang sudah dibelah 2, sudah bersih, siap masak! Disediakan khusus untuk kamu yang mau masak ayam geprek dan Fried Chicken ala Taiwan. \r\n\r\nSemua ayam fresh yang dipotong di malam hari lalu dikirim keesokan harinya. Dilengkapi dengan sertifikasi Halal dan NKV, Boneless dada single ini terbebas dari virus flu burung, higienis, serta melalui proses pemotongan yang modern dan terbebas dari zat berbahaya.', '1', NULL),
(29, 'Fillet (Tenderloin Ayam)', 3, 'fresh', 'pack', 1, NULL, 38000, 0, 37000, 'images/product-2019-09-26-105022.jpg', '1', 'Kenalan Yuk!\r\n\r\nFillet ayam ini merupakan bagian dalam dari boneless dada atau biasa disebut khas dalam dada ayam atau tenderloin ayam. Fillet ayam memiliki tekstur yang sangat lembut, sudah bersih, siap masak! Disediakan khusus untuk kamu yang mau masak ayam geprek dan Fried Chicken ala Taiwan. Berani coba lembutnya? \r\nSemua ayam fresh yang dipotong di malam hari lalu dikirim keesokan harinya. Dilengkapi dengan sertifikasi Halal dan NKV, Fillet ayam ini terbebas dari virus flu burung, higienis, serta melalui proses pemotongan yang modern dan terbebas dari zat berbahaya.', '1', NULL),
(30, 'Boneless Paha Kulit', 3, 'fresh', 'pack', 1, NULL, 44000, 0, 43000, 'images/product-2019-09-26-111016.jpg', NULL, 'Kenalan Yuk!\r\n\r\nBoneless paha dengan kulit atau Paha ayam tanpa tulang masih ada kulit sudah bersih, siap masak! disediakan khusus untuk kamu yang mau masak ayam geprek dan Fried Chicken ala Taiwan dilengkapi gurihnya kulit ayam. \r\nSemua ayam fresh yang dipotong di malam hari lalu dikirim keesokan harinya. Dilengkapi dengan sertifikasi Halal dan NKV, boneless paha dengan kulit ini terbebas dari virus flu burung, higienis, serta melalui proses pemotongan yang modern dan terbebas dari zat berbahaya.', '1', NULL),
(31, 'Boneless Paha Tanpa Kulit', 3, 'fresh', 'pack', 1, NULL, 44000, 0, 43000, 'images/product-2019-09-26-121315.jpg', NULL, 'Kenalan Yuk!\r\n\r\nBoneless paha tanpa kulit atau Paha ayam tanpa tulang dan kulit sudah bersih, siap masak! disediakan khusus untuk kamu yang mau masak ayam geprek dan Fried Chicken ala Taiwan. \r\nSemua ayam fresh yang dipotong di malam hari lalu dikirim keesokan harinya. Dilengkapi dengan sertifikasi Halal dan NKV, boneless paha tanpa kulit ini terbebas dari virus flu burung, higienis, serta melalui proses pemotongan yang modern dan terbebas dari zat berbahaya.', '1', NULL),
(32, 'Sayap', 8, 'fresh', 'kg', 1, NULL, 30500, NULL, 29500, 'images/product-2019-08-22-140809.jpg', NULL, 'Kenalan Yuk!\r\n\r\nSayap Ayam dari Meyer Food disediakan khusus untuk kamu wings lovers! Aah. \r\nSemua sayap ayam fresh yang dipotong di malam hari dan dikirim keesokan harinya. Dilengkapi dengan sertifikasi Halal dan NKV, sayap ayam ini terbebas dari virus flu burung, higienis, serta melalui proses pemotongan yang modern dan terbebas dari zat berbahaya.', '1', NULL),
(33, 'Ceker', 7, 'fresh', 'kg', 1, NULL, 24000, 0, 23000, 'images/product-2019-08-22-140916.jpg', NULL, 'Kenalan Yuk!\r\n\r\n1 kg Ceker ayam berisikan sampai 30 pcs. Ceker ayam dari Meyer Food disediakan khusus untuk kamu pecinta ceker! Semua ceker ayam fresh yang dipotong di malam hari lalu dikirim keesokan harinya. Dilengkapi dengan sertifikasi Halal dan NKV. Ceker Ayam sangat bagus untuk dikonsumsi karena memiliki kandungan Hydroxyapatite dan Protein Kolagen yang berfungsi untuk menjaga tulang yang kuat serta menjaga imunitas tubuh.', '1', NULL),
(34, 'Hati Ampela Bersih', 7, 'fresh', 'pack', 1, NULL, 22000, 0, 21000, 'images/product-2019-08-22-140843.jpg', NULL, 'Kenalan Yuk!\r\n\r\nHati Ampela Bersih berisi campuran hati dan ampela siap masak. Berat Bersih 1 kg.\r\nYang harus kita ketahui ternyata Hati Ampela memiliki banyak zat penting seperti protein, vitamin B2, vitamin B3, vitamin A, vitamin B12, serta berbagai jenis mineral seperti seng, magnesium dan zin. Hati ampela juga merupakan sumber terbaik untuk mengatasi tubuh yang terasa lelah.', '1', NULL),
(35, 'Hati Bersih', 7, 'fresh', 'kg', 1, NULL, 20000, 0, 19000, 'images/product-2019-09-26-113855.jpg', NULL, 'Yuk Kenalan!\r\n\r\nHati ayam bersih dengan berat 1 kg berisi 20 pcs. Siap pakai untuk masak.\r\nHati ayam itu sendiri memiliki sumber nutrisi yang penting untuk tubuh seperti vitamin A, vitamin B-12, mineral dan asam folat oleh karena itu hati ayam layak untuk dikonsumsi sehari-hari.', '1', NULL),
(36, 'Krongkong', 7, 'fresh', 'pack', 1, NULL, 0, 0, -1000, 'images/product-2019-05-20-092939.png', NULL, 'Daging ayam segar berkualitas cocok untuk pasokan ke rumah sakit, hotel ataupun restoran dan cafe yang selalu menyediakan menu masakan dari daging ayam. Bagi anda yang membutuhkan suplai daging ayam segar segera hubung kami atau cek harga ayam terbaru untuk melihat update harga ayam sekarang. Bagi anda yan ingin bekerjasama atau mempunyai bisnis supllier daging ayam, jangan ragu hubungi kami.', '0', NULL),
(37, 'Kepala', 7, 'fresh', 'pack', 1, NULL, 13000, 0, 12000, 'images/product-2019-08-22-150316.jpg', NULL, 'Kenalan Yuk!\r\n\r\nKepala Ayam dengan berat bersih 1 kg berisi sekitar 10 pcs, siap masak. Sangat cocok untuk dimasak bumbu kuning, bacem ketumbar.', '1', NULL),
(38, 'Dada Utuh', 3, 'fresh', 'pack', 1, NULL, 39500, 0, 38500, 'images/product-2019-08-22-134842.jpg', NULL, 'Yuk Kenalan!\r\n\r\nDada utuh dengan berat bersih kurang lebih 1 kg masih dengan tulang.\r\nPerlu diketahui nih dada ayam ternyata memiliki banyak kandungan protein yang tinggi dan menjadi serat makanan yang baik untuk tubuh. Jadi tidak ada salahnya punya banyak stok daging ayam dirumah ya. Cara ideal untuk mendapatkan manfaat maksimal dari daging ayam adalah dengan cara memanggangnya atau bisa pula dengan cara membakarnya.', '1', NULL),
(39, 'Paha Atas', 5, 'fresh', 'pack', 1, NULL, 39500, 0, 38500, 'images/product-2019-09-26-114308.jpg', NULL, 'Kenalan Yuk!\r\n\r\nPaha Atas fresh siap masak, khusus untuk kamu pecinta paha Atas. Berat bersih 1 kg dengan isi 8-9 pcs potong paha atas.', '1', NULL),
(40, 'Paha Bawah', 5, 'fresh', 'pack', 1, NULL, 39500, 0, 38500, 'images/product-2019-09-05-111806.PNG', NULL, 'Kenalan Yuk!\r\n\r\nProduk ini cocok untuk kamu pecinta paha bawah. Berat bersih 1 kg dengan isi 11-12 potong paha bawah. Rasanya yang lembut  cocok untuk dimasak ayam goreng tepung, ayam bakar, ayam bumbu Bali, dan lain-lain', '1', NULL),
(41, 'Sosis', 9, 'fresh', 'pack', 0.8, NULL, 0, 0, -1000, 'images/product-2019-05-20-093516.jpeg', '0', 'Daging ayam segar berkualitas cocok untuk pasokan ke rumah sakit, hotel ataupun restoran dan cafe yang selalu menyediakan menu masakan dari daging ayam. Bagi anda yang membutuhkan suplai daging ayam segar segera hubung kami atau cek harga ayam terbaru untuk melihat update harga ayam sekarang. Bagi anda yan ingin bekerjasama atau mempunyai bisnis supllier daging ayam, jangan ragu hubungi kami.', '0', NULL),
(42, 'Kornet', 9, 'fresh', 'pack', 0.8, NULL, 0, 0, -1000, 'images/product-2019-05-20-093609.jpg', '0', 'Daging ayam segar berkualitas cocok untuk pasokan ke rumah sakit, hotel ataupun restoran dan cafe yang selalu menyediakan menu masakan dari daging ayam. Bagi anda yang membutuhkan suplai daging ayam segar segera hubung kami atau cek harga ayam terbaru untuk melihat update harga ayam sekarang. Bagi anda yan ingin bekerjasama atau mempunyai bisnis supllier daging ayam, jangan ragu hubungi kami.', '0', NULL),
(43, 'Bakso', 9, 'fresh', 'pack', 0.8, NULL, 0, 0, -1000, 'images/product-2019-05-20-093738.jpg', '0', 'Daging ayam segar berkualitas cocok untuk pasokan ke rumah sakit, hotel ataupun restoran dan cafe yang selalu menyediakan menu masakan dari daging ayam. Bagi anda yang membutuhkan suplai daging ayam segar segera hubung kami atau cek harga ayam terbaru untuk melihat update harga ayam sekarang. Bagi anda yan ingin bekerjasama atau mempunyai bisnis supllier daging ayam, jangan ragu hubungi kami.', '0', NULL),
(44, 'Ayam Bumbu', 9, 'fresh', 'pack', 0.8, NULL, 0, 0, -1000, 'images/product-2019-05-20-093923.jpg', '0', 'Kenalan yuk!\r\n\r\nAyam bumbu ini diciptakan untuk kamu yang mau makan ayam goreng enak ga pake repot. Ayam yang sudah dimarinasi dengan racikan 18 bumbu dapur alami dari Meyer Food. Rasanya dijamin membawa kebahagiaan di hati.', '0', NULL),
(45, 'Spicy Wings', 9, 'fresh', 'pack', 0.8, NULL, 0, 0, -1000, 'images/product-2019-05-20-094037.jpg', '0', 'Daging ayam segar berkualitas cocok untuk pasokan ke rumah sakit, hotel ataupun restoran dan cafe yang selalu menyediakan menu masakan dari daging ayam. Bagi anda yang membutuhkan suplai daging ayam segar segera hubung kami.', '0', NULL),
(46, 'HOT PROMO 2 Ekor Uk 0.8-0.9 kg', 1, 'fresh', 'pack', 0.8, NULL, 50000, 0, 49000, 'images/product-2019-09-26-111623.jpg', '1', 'HOT PROMO\r\n\r\nAyam Utuh (karkas) dengan berat bersih 0.8-0.9 kg\r\n2 Ekor hanya Rp 50.000,00.\r\nBuat kamu para pecinta makanan tinggi protein ini beruntung banget, karena dibalik rasa lezatnya ayam ternyata memiliki banyak manfaat untuk kesehatan seperti dapat menurunkan risiko tubuh terkena penyakit jantung dan menjaga kesehatan sel-sel tubuh. tak hanya itu, ayam juga mengandung B6 yang membantu meningkatkan proses metabolisme dan menstimulasi sistem kekebalan tubuh. Siap untuk dimasak dibuat soup dll.', '1', NULL),
(47, 'HOT PROMO 2 Ekor Uk 0.8-0.9 kg Pot 8', 2, 'fresh', 'pack', 0.8, NULL, 50000, 0, 49000, 'images/product-2019-08-27-111244.jpeg', '1', 'HOT PROMO\r\n\r\nAyam dengan berat bersih 0.8-0.9 kg dipotong 8 bagian. 2 Ekor hanya Rp 50,000.\r\nSedikit informasi aja nih, kalau ayam bukan hanya memiliki sumber protein saja, tetapi juga memiliki sumber vitamin dan mineral yang sangat baik juga. Vitamin dan mineral yang ditemukan pada ayam sangat banyak dan berguna untuk berbagai proses dalam tubuh kita. Misalnya, Vit B, Vit D, Vit A, Kalium dan Natrium.', '1', NULL),
(48, 'HOT PROMO 2 Ekor Uk 0.8-0.9 kg Pot 4', 2, 'fresh', 'pack', 0.8, NULL, 50000, NULL, 49000, 'images/product-2019-09-04-124959.JPG', '1', 'HOT PROMO 2 ekor ayam dengan ukuran 0.8-0.9 kg pot 4 hanya 50.000.\r\nSedikit informasi aja nih, kalau ayam bukan hanya memiliki sumber protein saja, tetapi juga memiliki sumber vitamin dan mineral yang sangat baik juga. Vitamin dan mineral yang ditemukan pada ayam sangat banyak dan berguna untuk berbagai proses dalam tubuh kita. Misalnya, Vit B, Vit D, Vit A, Kalium dan Natrium.\r\nSiap untuk dimasak bisa dipanggang ataupun dibakar, sangat cocok juga untuk dijadikan bahan membuat soup dirumah.', '1', NULL),
(49, 'Karkas Ukuran 1.2-1.3 kg', 1, 'frozen', 'pack', 1.2, NULL, 30000, NULL, 29000, 'images/product-2019-09-26-111536.jpg', '1', 'Kenalan Yuk!\r\n\r\nAyam Karkas Ukuran 1.2-1.3 kg utuh, siap masak.\r\nSedikit informasi aja nih, kalau ayam bukan hanya memiliki sumber protein yang sangat baik, tetapi juga memiliki sumber vitamin dan mineral yang sangat baik juga. Vitamin dan mineral yang ditemukan pada ayam sangat banyak dan berguna untuk berbagai proses dalam tubuh kita. Misalnya, Vit B, Vit D, Vit A, Kalium dan Natrium.', '1', NULL),
(50, 'Karkas Ukuran 1.3-1.4 kg', 1, 'fresh', 'pack', 1.3, NULL, 38000, NULL, 37000, 'images/product-2019-09-26-111505.jpg', NULL, NULL, '1', NULL),
(51, 'Karkas Ukuran 1.4-1.5 kg', 1, 'fresh', 'pack', 1.4, NULL, 41000, NULL, 40000, 'images/product-2019-09-26-111431.jpg', NULL, 'Kenalan Yuk! \r\nAyam Karkas Ukuran 1.4-1.5 kg utuh, siap masak. Manfaat makan daging ayam bagi kesehatan jelas sangat tinggi, karena daging ayam mengandung protein tinggi, serta vitamin dan mineral.', '1', NULL),
(52, 'Paha Utuh (Paha Atas dan Bawah)', 5, 'fresh', 'pack', 1, NULL, 39500, NULL, 38500, 'images/product-2019-09-26-101443.jpg', NULL, 'Yuk Kenalan!\r\n\r\nPaha Utuh adalah campuran dari paha atas dan paha bawah. Ukuran all size dengan berat bersih 1 kg. Dalam 1 kemasan terdapat kurang lebih 5-7 potong campuran paha atas dan paha bawah.', '1', NULL),
(53, 'Ampela Bersih', 7, 'fresh', 'pack', 1, NULL, 22000, NULL, 21000, 'images/product-2019-09-05-153944.PNG', NULL, 'Kenalan Yuk!\r\n\r\nAmpela bersih siap masak dengan berat bersih 1 kg berisi 40 pcs. Ampela sangat baik untuk dikonsumsi karena memiliki 4 kandungan nutrisi yaitu rendah lemak & sodium, kaya akan zat besi serta mengandung vitamin B3 dan vitamin B2.', '1', NULL),
(54, 'Karkas Ukuran 1.0-1.1 kg pot 8', 2, 'fresh', 'pack', 1, NULL, 32500, 33000, 31500, 'images/product-2019-09-09-134029.jpeg', NULL, 'Kenalan yuk ..\r\n\r\nAyam Karkas Uk 1.0-1.1 kg pot 8.\r\nManfaat makan daging ayam bagi kesehatan jelas sangat tinggi loh buat kita, karena daging ayam mengandung protein tinggi, serta vitamin dan mineral. Makan daging ayam juga diyakini dapat membantu menurunkan berat badan, mengontrol kadar kolesterol, tekanan darah serta mengurangi resiko kanker.', '1', NULL),
(55, 'Ayam Pejantan Frozen (Dengan Kepala dan Ceker) 0,7-0,8 kg', 6, 'frozen', 'pack', 0.7, NULL, 37000, NULL, 36000, 'images/product-2019-09-12-100502.png', NULL, 'Ayam Pejantan Frozen (Dengan kepala dan ceker) ukuran 0.7-0.8 kg.\r\nBuat kalian para pecinta ayam sangat bagus loh, karena ayam kaya akan nutrisi, memiliki protein yang tinggi dan mengandung banyak vitamin didalamnya. Dibalik rasa lezatnya ayam ternyata juga memiliki banyak manfaat untuk kesehatan, misalnya menurunkan resiko tubuh terkena jantung, menjaga kesehatan gigi dan tulang, meningkatkan sistem kekebalan tubuh, serta menjaga ketajaman mata.', '1', NULL),
(56, 'Daging Giling', 9, 'fresh', 'kg', 1, NULL, 41000, NULL, 40000, 'images/product-2019-09-26-121031.jpg', NULL, NULL, '1', NULL);

-- --------------------------------------------------------

--
-- Table structure for table `product_category`
--

CREATE TABLE `product_category` (
  `id` int(11) NOT NULL,
  `name` varchar(255) DEFAULT NULL,
  `parent_id` int(11) DEFAULT NULL,
  `icon` varchar(255) DEFAULT NULL,
  `icon_web` varchar(255) DEFAULT NULL,
  `status` int(11) DEFAULT NULL,
  `ordering` int(11) DEFAULT NULL
) ENGINE=InnoDB DEFAULT CHARSET=latin1;

--
-- Dumping data for table `product_category`
--

INSERT INTO `product_category` (`id`, `name`, `parent_id`, `icon`, `icon_web`, `status`, `ordering`) VALUES
(1, 'Karkas', NULL, 'images/icon-2019-07-17-135811.png', 'images/icon-web-2019-07-17-114559.png', 1, 1),
(2, 'Parting', NULL, 'images/icon-2019-07-17-135819.png', 'images/icon-web-2019-07-17-115344.png', 1, 2),
(3, 'Boneless', NULL, 'images/icon-2019-07-17-135827.png', 'images/icon-web-2019-07-15-164941.jpg', 1, 3),
(4, 'Dada', NULL, 'images/icon-2019-07-17-135839.png', 'images/icon-web-2019-07-17-115454.png', 0, NULL),
(5, 'Paha', NULL, 'images/icon-2019-07-17-135846.png', 'images/icon-web-2019-07-17-114136.png', 1, NULL),
(6, 'Pejantan', NULL, 'images/icon-2019-07-17-135903.png', 'images/icon-web-2019-07-17-115707.png', 1, NULL),
(7, 'Jeroan', NULL, 'images/icon-2019-08-22-143756.png', 'images/icon-web-2019-07-17-115831.png', 1, NULL),
(8, 'Sayap', NULL, 'images/icon-2019-07-17-135918.png', 'images/icon-web-2019-07-17-115913.png', 1, NULL),
(9, 'Olahan', NULL, 'images/icon-2019-08-22-135827.png', 'images/icon-web-2019-07-31-125927.png', 1, NULL);

-- --------------------------------------------------------

--
-- Table structure for table `users`
--

CREATE TABLE `users` (
  `id` int(11) NOT NULL,
  `first_name` varchar(255) DEFAULT NULL,
  `last_name` varchar(255) DEFAULT NULL,
  `email` varchar(255) DEFAULT NULL,
  `email_verified_at` datetime DEFAULT NULL,
  `password` varchar(255) DEFAULT NULL,
  `pin` varchar(255) DEFAULT NULL,
  `phone` varchar(255) DEFAULT NULL,
  `phone_verified_at` datetime DEFAULT NULL,
  `account_type` int(11) DEFAULT NULL,
  `account_role` varchar(255) DEFAULT NULL,
  `photo` varchar(255) DEFAULT NULL,
  `last_login` datetime DEFAULT NULL,
  `created_at` datetime DEFAULT NULL,
  `updated_at` datetime DEFAULT NULL,
  `remember_token` varchar(500) DEFAULT NULL,
  `password_reset_code` varchar(255) DEFAULT NULL,
  `device_token` varchar(255) DEFAULT NULL,
  `account_status` varchar(30) DEFAULT '1'
) ENGINE=InnoDB DEFAULT CHARSET=latin1;

--
-- Dumping data for table `users`
--

INSERT INTO `users` (`id`, `first_name`, `last_name`, `email`, `email_verified_at`, `password`, `pin`, `phone`, `phone_verified_at`, `account_type`, `account_role`, `photo`, `last_login`, `created_at`, `updated_at`, `remember_token`, `password_reset_code`, `device_token`, `account_status`) VALUES
(15034, 'Husni', 'Aziz', NULL, NULL, NULL, NULL, NULL, NULL, 1, 'superadmin', NULL, '2019-09-27 14:06:43', '2019-03-04 13:18:06', '2019-09-27 14:06:43', NULL, NULL, NULL, '1'),
(15039, 'Husni', 'Aziz', NULL, NULL, NULL, '7013', NULL, '2019-09-27 13:11:18', 4, 'customer', NULL, '2019-09-27 13:11:18', '2019-03-22 07:20:41', '2019-09-27 13:11:18', NULL, NULL, 'f3pcOkC0VCg:APA91bHr2WRVYtSIUfTCveB6m6ivXL-LcPlY5FnLDpMqgJq12p11mqQcjDq9Gd6E85j1IhJZuC9ySF3OvN5NQ6S4lxEabGrzmIv5gYsZQ8XazR5K2fNTU5zB5ewiKnnBW10rOHms8puZ', '1'),
(15043, 'Meyer', 'Admin', NULL, NULL, NULL, NULL, NULL, NULL, 1, 'superadmin', NULL, '2019-09-27 21:46:11', '2019-03-26 10:18:27', '2019-09-27 21:46:11', NULL, NULL, NULL, '1'),
(15044, 'guntur', 'prabowo', NULL, NULL, NULL, '3668', NULL, '2019-07-04 11:49:50', 4, 'customer', NULL, '2019-07-04 11:49:50', '2019-05-07 10:59:48', '2019-07-04 14:02:13', NULL, NULL, 'dI23W-geZ5A:APA91bHbdTnG1F9EY57gqXtAT7vLxgsyPphFl-gxVNjH88HchnD3TOST2xRXnM9M9BqrKU3TdygKgu04Vmu1Hz3355aHlgPefppACbLrZFHMvXM_7c8F718G2PrYuSfU7GGdBh1h88GI', '1'),
(15047, 'Laurentia', 'Lisa', NULL, NULL, NULL, '3672', NULL, '2019-06-24 14:03:40', 4, 'customer', NULL, '2019-06-24 14:03:40', '2019-05-10 08:09:02', '2019-06-24 14:03:40', NULL, NULL, 'eQ9CdFjhMsU:APA91bGqDpYe5udAG4Knvwiv_ETRwLcLSMXa-utMwPHDYouHNIN0DsjDuEXDF8FwzZLtpLdAjcxNSAr-awsjjjeuLYHhbPxF6wH4AaLDVZH6s9W3tvYve7uYJTZKrkyfwo8OgZZEU4vz', '1'),
(15105, 'Heri', 'Asbowo', NULL, NULL, NULL, '3673', NULL, '2019-08-15 13:05:03', 3, 'agent', NULL, '2019-08-15 13:05:03', '2019-08-15 12:21:51', '2019-08-25 04:47:02', NULL, NULL, NULL, '2'),
(15106, 'Atha', 'Oey', NULL, NULL, NULL, '7290', NULL, '2019-09-27 14:06:06', 4, 'customer', NULL, '2019-09-27 14:06:06', '2019-08-15 12:28:21', '2019-09-27 14:06:06', NULL, NULL, NULL, '1'),
(15107, 'Meyer', 'Jogja', NULL, NULL, NULL, '2830', NULL, '2019-09-20 15:48:16', 3, 'agent', NULL, '2019-09-20 15:48:16', '2019-08-15 13:42:43', '2019-09-20 15:48:16', NULL, NULL, NULL, '1'),
(15108, 'Meyer', 'Pusat', NULL, NULL, NULL, '5288', NULL, '2019-09-18 10:17:47', 3, 'agent', NULL, '2019-09-18 10:17:47', '2019-08-15 14:09:17', '2019-09-18 10:17:47', NULL, NULL, NULL, '1'),
(15109, 'marten', 'bastaman', NULL, NULL, NULL, '8334', NULL, '2019-08-30 16:25:42', 4, 'customer', NULL, '2019-08-30 16:25:42', '2019-08-15 15:27:07', '2019-09-05 11:08:14', NULL, NULL, NULL, '1'),
(15110, 'Irsan', 'Irsan', NULL, NULL, NULL, '1832', NULL, '2019-08-15 16:15:05', 4, 'customer', NULL, '2019-08-15 16:15:05', '2019-08-15 16:14:43', '2019-08-15 16:15:05', NULL, NULL, NULL, '1'),
(15111, 'Ariel', 'Test', NULL, NULL, NULL, '6039', NULL, '2019-08-16 17:12:33', 4, 'customer', NULL, '2019-08-16 17:12:33', '2019-08-16 15:59:45', '2019-08-16 17:12:33', NULL, NULL, NULL, '1'),
(15112, 'Heri', 'Asbowo', NULL, NULL, NULL, '1327', NULL, '2019-09-14 10:39:33', 4, 'customer', NULL, '2019-09-14 10:39:33', '2019-08-16 16:07:15', '2019-09-14 10:39:33', NULL, NULL, NULL, '1'),
(15113, 'Aldo', 'Chilnaldy', NULL, NULL, NULL, '5035', NULL, '2019-08-18 18:25:44', 4, 'customer', NULL, '2019-08-18 18:25:44', '2019-08-17 17:27:20', '2019-08-18 18:25:44', NULL, NULL, NULL, '1'),
(15114, 'Andrie', 'Salim', NULL, NULL, NULL, '3239', NULL, '2019-08-18 06:00:11', 4, 'customer', NULL, '2019-08-18 06:00:11', '2019-08-18 05:57:56', '2019-08-18 06:00:11', NULL, NULL, NULL, '1'),
(15115, 'Dedi', 'Hermanto', NULL, NULL, NULL, '4769', NULL, '2019-08-21 15:53:23', 4, 'customer', NULL, '2019-08-21 15:53:23', '2019-08-21 15:52:49', '2019-08-21 15:53:23', NULL, NULL, NULL, '1'),
(15117, 'Rossi', 'Handayani', NULL, NULL, NULL, '6863', NULL, '2019-08-24 07:07:53', 4, 'customer', NULL, '2019-08-24 07:07:53', '2019-08-24 07:07:03', '2019-08-24 07:07:53', NULL, NULL, NULL, '1'),
(15118, 'Rini', 'Rini', NULL, NULL, NULL, '3316', NULL, '2019-08-24 07:18:30', 4, 'customer', NULL, '2019-08-24 07:18:30', '2019-08-24 07:18:02', '2019-08-24 07:18:30', NULL, NULL, NULL, '1'),
(15119, 'Robiah', 'Robiah', NULL, NULL, NULL, '6215', NULL, '2019-08-24 07:27:30', 4, 'customer', NULL, '2019-08-24 07:27:30', '2019-08-24 07:24:52', '2019-08-24 07:27:30', NULL, NULL, NULL, '1'),
(15120, 'Tri', 'Indrayati', NULL, NULL, NULL, '8876', NULL, '2019-09-26 14:23:41', 4, 'customer', NULL, '2019-09-26 14:23:41', '2019-08-24 07:29:45', '2019-09-26 14:23:41', NULL, NULL, NULL, '1'),
(15121, 'Widyarini', 'Ririn', NULL, NULL, NULL, '7370', NULL, '2019-09-21 09:32:13', 4, 'customer', NULL, '2019-09-21 09:32:13', '2019-08-24 07:31:48', '2019-09-21 09:32:13', NULL, NULL, NULL, '1'),
(15122, 'Nuraeni', 'Oktavia', NULL, NULL, NULL, '4851', NULL, '2019-08-24 07:35:09', 4, 'customer', NULL, '2019-08-24 07:35:09', '2019-08-24 07:34:34', '2019-08-24 07:39:01', NULL, NULL, NULL, '1'),
(15123, 'ika', 'darmayanti', NULL, NULL, NULL, '7009', NULL, '2019-08-24 07:35:25', 4, 'customer', NULL, '2019-08-24 07:35:25', '2019-08-24 07:34:51', '2019-08-24 07:35:25', NULL, NULL, NULL, '1'),
(15124, 'Evi', 'Sutiyani', NULL, NULL, NULL, '5002', NULL, '2019-08-24 07:43:28', 4, 'customer', NULL, '2019-08-24 07:43:28', '2019-08-24 07:42:19', '2019-08-24 07:43:28', NULL, NULL, NULL, '1'),
(15125, 'Diah ernawati', 'Diah', NULL, NULL, NULL, '6026', NULL, '2019-08-24 07:55:33', 4, 'customer', NULL, '2019-08-24 07:55:33', '2019-08-24 07:45:49', '2019-08-24 07:55:33', NULL, NULL, NULL, '1'),
(15126, 'Sondang', 'Tobing', NULL, NULL, NULL, '8263', NULL, NULL, 4, 'customer', NULL, NULL, '2019-08-24 07:48:44', '2019-08-24 07:49:13', NULL, NULL, NULL, '1'),
(15127, 'Nurhayati', 'Nur', NULL, NULL, NULL, '2046', NULL, '2019-08-24 07:50:03', 4, 'customer', NULL, '2019-08-24 07:50:03', '2019-08-24 07:49:34', '2019-08-24 07:50:03', NULL, NULL, NULL, '1'),
(15128, 'Supriatin', 'Neng', NULL, NULL, NULL, '1670', NULL, '2019-08-25 08:56:26', 4, 'customer', NULL, '2019-08-25 08:56:26', '2019-08-24 07:53:05', '2019-08-25 08:56:26', NULL, NULL, NULL, '1'),
(15129, 'Dewi', 'Natalia', NULL, NULL, NULL, '1892', NULL, '2019-08-24 07:54:16', 4, 'customer', NULL, '2019-08-24 07:54:16', '2019-08-24 07:53:13', '2019-08-24 07:54:16', NULL, NULL, NULL, '1'),
(15130, 'Sondang', 'Tobing', NULL, NULL, NULL, '6818', NULL, '2019-08-24 07:55:32', 4, 'customer', NULL, '2019-08-24 07:55:32', '2019-08-24 07:54:51', '2019-08-24 07:55:32', NULL, NULL, NULL, '1'),
(15131, 'Hesti', 'Widyawati', NULL, NULL, NULL, '7574', NULL, '2019-08-24 08:08:41', 4, 'customer', NULL, '2019-08-24 08:08:41', '2019-08-24 08:04:25', '2019-08-24 08:08:41', NULL, NULL, NULL, '1'),
(15132, 'Tety', 'Panjaitan', NULL, NULL, NULL, '3750', NULL, '2019-08-24 08:06:16', 4, 'customer', NULL, '2019-08-24 08:06:16', '2019-08-24 08:05:41', '2019-08-24 08:06:16', NULL, NULL, NULL, '1'),
(15133, 'Ita', 'Tresia', NULL, NULL, NULL, '2708', NULL, '2019-08-24 08:09:19', 4, 'customer', NULL, '2019-08-24 08:09:19', '2019-08-24 08:07:27', '2019-08-24 08:09:19', NULL, NULL, NULL, '1'),
(15134, 'Aprilia', 'Lia', NULL, NULL, NULL, '3995', NULL, '2019-08-24 08:11:05', 4, 'customer', NULL, '2019-08-24 08:11:05', '2019-08-24 08:10:32', '2019-08-24 08:11:05', NULL, NULL, NULL, '1'),
(15135, 'Mintarsih', 'Mimin', NULL, NULL, NULL, '6848', NULL, '2019-08-24 08:17:33', 4, 'customer', NULL, '2019-08-24 08:17:33', '2019-08-24 08:11:57', '2019-08-24 08:17:33', NULL, NULL, NULL, '1'),
(15136, 'Gena putri', 'Ningrum', NULL, NULL, NULL, '5031', NULL, '2019-08-24 08:15:28', 4, 'customer', NULL, '2019-08-24 08:15:28', '2019-08-24 08:13:32', '2019-08-24 08:15:28', NULL, NULL, NULL, '1'),
(15137, 'Laswan', 'Santoso', NULL, NULL, NULL, '7947', NULL, NULL, 4, 'customer', NULL, NULL, '2019-08-24 08:15:22', '2019-08-24 08:15:42', NULL, NULL, NULL, '1'),
(15138, 'Juwita', 'Suhartini', NULL, NULL, NULL, '5765', NULL, '2019-08-24 08:18:25', 4, 'customer', NULL, '2019-08-24 08:18:25', '2019-08-24 08:17:32', '2019-08-24 08:18:25', NULL, NULL, NULL, '1'),
(15139, 'Devi', 'Hasanah', NULL, NULL, NULL, '1619', NULL, '2019-08-24 08:19:44', 4, 'customer', NULL, '2019-08-24 08:19:44', '2019-08-24 08:19:01', '2019-08-24 08:19:44', NULL, NULL, NULL, '1'),
(15140, 'Irma nurhayati', 'Irma', NULL, NULL, NULL, '3654', NULL, '2019-08-24 08:20:46', 4, 'customer', NULL, '2019-08-24 08:20:46', '2019-08-24 08:19:56', '2019-08-24 08:20:46', NULL, NULL, NULL, '1'),
(15141, 'kumala sari', 'yuana', NULL, NULL, NULL, '2061', NULL, '2019-09-11 20:59:22', 4, 'customer', NULL, '2019-09-11 20:59:22', '2019-08-24 08:20:31', '2019-09-11 20:59:22', NULL, NULL, NULL, '1'),
(15142, 'Jum', 'Jumirah', NULL, NULL, NULL, '7546', NULL, '2019-08-24 08:26:50', 4, 'customer', NULL, '2019-08-24 08:26:50', '2019-08-24 08:20:39', '2019-08-24 08:26:50', NULL, NULL, NULL, '1'),
(15143, 'Trilianti', '.', NULL, NULL, NULL, '4817', NULL, '2019-08-24 08:22:08', 4, 'customer', NULL, '2019-08-24 08:22:08', '2019-08-24 08:21:00', '2019-08-24 08:22:08', NULL, NULL, NULL, '1'),
(15144, 'Hadid', 'Soamole', NULL, NULL, NULL, '5014', NULL, '2019-08-24 08:23:54', 4, 'customer', NULL, '2019-08-24 08:23:54', '2019-08-24 08:21:56', '2019-08-24 08:23:54', NULL, NULL, NULL, '1'),
(15145, 'Siti', 'Nuraini', NULL, NULL, NULL, '5966', NULL, '2019-08-24 08:25:25', 4, 'customer', NULL, '2019-08-24 08:25:25', '2019-08-24 08:24:19', '2019-08-24 08:25:25', NULL, NULL, NULL, '1'),
(15146, 'Nia', 'Fitriyani', NULL, NULL, NULL, '8307', NULL, NULL, 4, 'customer', NULL, NULL, '2019-08-24 08:24:39', '2019-08-24 08:24:39', NULL, NULL, NULL, '1'),
(15147, 'Agus', 'Tini', NULL, NULL, NULL, '5648', NULL, NULL, 4, 'customer', NULL, NULL, '2019-08-24 08:24:58', '2019-08-24 08:24:58', NULL, NULL, NULL, '1'),
(15148, 'Nia', 'Fitriyani', NULL, NULL, NULL, '1159', NULL, '2019-08-24 08:27:02', 4, 'customer', NULL, '2019-08-24 08:27:02', '2019-08-24 08:25:37', '2019-08-24 08:27:02', NULL, NULL, NULL, '1'),
(15149, 'Pardomuan', 'Tambunan', NULL, NULL, NULL, '2005', NULL, '2019-08-24 08:27:44', 4, 'customer', NULL, '2019-08-24 08:27:44', '2019-08-24 08:26:33', '2019-08-24 08:27:44', NULL, NULL, NULL, '1'),
(15150, 'Resti', 'Wahyuningsih', NULL, NULL, NULL, '1886', NULL, '2019-08-24 08:28:32', 4, 'customer', NULL, '2019-08-24 08:28:32', '2019-08-24 08:28:02', '2019-08-24 08:28:32', NULL, NULL, NULL, '1'),
(15151, 'Aisha', 'Salsabila', NULL, NULL, NULL, '8657', NULL, NULL, 4, 'customer', NULL, NULL, '2019-08-24 08:28:03', '2019-08-24 08:28:24', NULL, NULL, NULL, '1'),
(15152, 'debby', 'debora', NULL, NULL, NULL, '7299', NULL, NULL, 4, 'customer', NULL, NULL, '2019-08-24 08:29:13', '2019-08-24 08:29:13', NULL, NULL, NULL, '1'),
(15153, 'Aisha', 'Salsabila', NULL, NULL, NULL, '7126', NULL, '2019-08-24 08:30:15', 4, 'customer', NULL, '2019-08-24 08:30:15', '2019-08-24 08:29:51', '2019-08-24 08:30:15', NULL, NULL, NULL, '1'),
(15154, 'debby', 'debora', NULL, NULL, NULL, '1961', NULL, '2019-08-24 08:31:27', 4, 'customer', NULL, '2019-08-24 08:31:27', '2019-08-24 08:30:07', '2019-08-24 08:31:27', NULL, NULL, NULL, '1'),
(15155, 'Rosnadewi', 'Simamora', NULL, NULL, NULL, '5204', NULL, NULL, 4, 'customer', NULL, NULL, '2019-08-24 08:30:59', '2019-08-24 08:31:17', NULL, NULL, NULL, '1'),
(15156, 'Eka yuliastuti', 'yulias tuti', NULL, NULL, NULL, '3569', NULL, '2019-08-24 08:36:23', 4, 'customer', NULL, '2019-08-24 08:36:23', '2019-08-24 08:33:39', '2019-08-24 08:36:23', NULL, NULL, NULL, '1'),
(15157, 'iyan', 'iyan', NULL, NULL, NULL, '1429', NULL, '2019-08-24 08:34:58', 4, 'customer', NULL, '2019-08-24 08:34:58', '2019-08-24 08:33:45', '2019-08-24 08:34:58', NULL, NULL, NULL, '1'),
(15158, 'Agus', 'Tini', NULL, NULL, NULL, '6022', NULL, '2019-08-24 08:34:32', 4, 'customer', NULL, '2019-08-24 08:34:32', '2019-08-24 08:33:49', '2019-08-24 08:34:32', NULL, NULL, NULL, '1'),
(15159, 'Fajar', 'Kristuanto', NULL, NULL, NULL, '8027', NULL, '2019-08-24 08:38:29', 4, 'customer', NULL, '2019-08-24 08:38:29', '2019-08-24 08:36:37', '2019-08-24 08:38:29', NULL, NULL, NULL, '1'),
(15160, 'Edi', 'Edi', NULL, NULL, NULL, '5196', NULL, '2019-08-24 08:41:37', 4, 'customer', NULL, '2019-08-24 08:41:37', '2019-08-24 08:41:03', '2019-08-24 08:41:37', NULL, NULL, NULL, '1'),
(15161, 'Kurnia', 'Wati', NULL, NULL, NULL, '3135', NULL, '2019-08-24 08:43:33', 4, 'customer', NULL, '2019-08-24 08:43:33', '2019-08-24 08:42:53', '2019-08-24 08:43:33', NULL, NULL, NULL, '1'),
(15162, 'Rustiyanty', '-', NULL, NULL, NULL, '8121', NULL, '2019-08-24 08:45:33', 4, 'customer', NULL, '2019-08-24 08:45:33', '2019-08-24 08:45:04', '2019-08-24 08:45:33', NULL, NULL, NULL, '1'),
(15163, 'Haryati', 'Ilhami', NULL, NULL, NULL, '1279', NULL, '2019-08-24 08:46:45', 4, 'customer', NULL, '2019-08-24 08:46:45', '2019-08-24 08:46:14', '2019-08-24 13:41:37', NULL, NULL, NULL, '1'),
(15164, 'Yuli', 'Kurniawan', NULL, NULL, NULL, '7834', NULL, '2019-08-24 08:50:22', 4, 'customer', NULL, '2019-08-24 08:50:22', '2019-08-24 08:46:27', '2019-08-24 08:50:22', NULL, NULL, NULL, '1'),
(15165, 'Agustini', 'Nong', NULL, NULL, NULL, '7380', NULL, '2019-08-24 08:47:32', 4, 'customer', NULL, '2019-08-24 08:47:32', '2019-08-24 08:46:59', '2019-08-24 08:47:32', NULL, NULL, NULL, '1'),
(15166, 'Lusi', 'Ana', NULL, NULL, NULL, '5379', NULL, '2019-08-24 08:47:44', 4, 'customer', NULL, '2019-08-24 08:47:44', '2019-08-24 08:47:07', '2019-08-24 08:47:44', NULL, NULL, NULL, '1'),
(15167, 'Natalia', 'Angriany', NULL, NULL, NULL, '7311', NULL, '2019-08-24 08:48:16', 4, 'customer', NULL, '2019-08-24 08:48:16', '2019-08-24 08:47:46', '2019-08-24 08:48:16', NULL, NULL, NULL, '1'),
(15168, 'Juliyah', 'Fitriasih', NULL, NULL, NULL, '5660', NULL, '2019-08-24 08:49:44', 4, 'customer', NULL, '2019-08-24 08:49:44', '2019-08-24 08:48:53', '2019-08-24 08:49:44', NULL, NULL, NULL, '1'),
(15169, 'Faevi', 'Bb', NULL, NULL, NULL, '6189', NULL, '2019-08-24 09:00:32', 4, 'customer', NULL, '2019-08-24 09:00:32', '2019-08-24 08:53:46', '2019-08-24 09:00:32', NULL, NULL, NULL, '1'),
(15170, 'Titi wiranti', ',', NULL, NULL, NULL, '2864', NULL, '2019-09-06 10:39:11', 4, 'customer', NULL, '2019-09-06 10:39:11', '2019-08-24 08:53:49', '2019-09-06 10:39:11', NULL, NULL, NULL, '1'),
(15171, 'Dika', 'dwi andhika', NULL, NULL, NULL, '1448', NULL, '2019-08-24 08:57:17', 4, 'customer', NULL, '2019-08-24 08:57:17', '2019-08-24 08:56:39', '2019-08-24 08:57:17', NULL, NULL, NULL, '1'),
(15172, 'Alex', 'Edward', NULL, NULL, NULL, '4389', NULL, '2019-08-24 08:57:46', 4, 'customer', NULL, '2019-08-24 08:57:46', '2019-08-24 08:56:58', '2019-08-24 08:57:46', NULL, NULL, NULL, '1'),
(15174, 'Sri', 'Slamet', NULL, NULL, NULL, '8846', NULL, '2019-08-24 08:59:21', 4, 'customer', NULL, '2019-08-24 08:59:21', '2019-08-24 08:57:34', '2019-08-24 08:59:21', NULL, NULL, NULL, '1'),
(15175, 'Siti', 'Jariyah', NULL, NULL, NULL, '6245', NULL, '2019-08-25 08:10:00', 4, 'customer', NULL, '2019-08-25 08:10:00', '2019-08-24 09:01:54', '2019-08-25 08:10:00', NULL, NULL, NULL, '1'),
(15176, 'nauli', 'simanjuntak', NULL, NULL, NULL, '5643', NULL, '2019-08-24 09:11:46', 4, 'customer', NULL, '2019-08-24 09:11:46', '2019-08-24 09:05:04', '2019-08-24 09:11:46', NULL, NULL, NULL, '1'),
(15177, 'Yulinda', 'Linda', NULL, NULL, NULL, '8498', NULL, '2019-08-24 09:13:16', 4, 'customer', NULL, '2019-08-24 09:13:16', '2019-08-24 09:12:22', '2019-08-24 09:13:16', NULL, NULL, NULL, '1'),
(15178, 'Nur', 'Bani', NULL, NULL, NULL, '2744', NULL, '2019-08-24 09:14:14', 4, 'customer', NULL, '2019-08-24 09:14:14', '2019-08-24 09:13:56', '2019-08-24 09:14:14', NULL, NULL, NULL, '1'),
(15179, 'Purwati', '-', NULL, NULL, NULL, '6838', NULL, '2019-08-24 09:16:05', 4, 'customer', NULL, '2019-08-24 09:16:05', '2019-08-24 09:15:23', '2019-08-24 09:16:05', NULL, NULL, NULL, '1'),
(15180, 'Tutut', 'Handayani', NULL, NULL, NULL, '7789', NULL, '2019-08-24 09:16:31', 4, 'customer', NULL, '2019-08-24 09:16:31', '2019-08-24 09:16:06', '2019-08-24 09:16:31', NULL, NULL, NULL, '1'),
(15181, 'nova aryanti', 'nova', NULL, NULL, NULL, '8309', NULL, '2019-08-24 09:18:17', 4, 'customer', NULL, '2019-08-24 09:18:17', '2019-08-24 09:16:50', '2019-09-12 21:05:18', NULL, NULL, NULL, '1'),
(15182, 'Cucu', '.', NULL, NULL, NULL, '6270', NULL, '2019-08-24 09:18:40', 4, 'customer', NULL, '2019-08-24 09:18:40', '2019-08-24 09:17:08', '2019-08-24 09:18:40', NULL, NULL, NULL, '1'),
(15183, 'Nur', 'Hayati', NULL, NULL, NULL, '3689', NULL, '2019-08-24 09:18:13', 4, 'customer', NULL, '2019-08-24 09:18:13', '2019-08-24 09:17:11', '2019-08-24 09:18:13', NULL, NULL, NULL, '1'),
(15184, 'Ari', 'Tutiningsih', NULL, NULL, NULL, '6103', NULL, '2019-08-24 09:18:04', 4, 'customer', NULL, '2019-08-24 09:18:04', '2019-08-24 09:17:44', '2019-08-24 09:18:04', NULL, NULL, NULL, '1'),
(15185, 'Tini', 'Tini', NULL, NULL, NULL, '4717', NULL, '2019-08-24 09:21:59', 4, 'customer', NULL, '2019-08-24 09:21:59', '2019-08-24 09:21:12', '2019-08-24 09:21:59', NULL, NULL, NULL, '1'),
(15186, 'Marsiah', 'M', NULL, NULL, NULL, '6559', NULL, '2019-08-24 09:23:11', 4, 'customer', NULL, '2019-08-24 09:23:11', '2019-08-24 09:22:36', '2019-08-24 09:23:11', NULL, NULL, NULL, '1'),
(15187, 'Rika', 'Kurdiana', NULL, NULL, NULL, '3369', NULL, '2019-08-24 09:25:43', 4, 'customer', NULL, '2019-08-24 09:25:43', '2019-08-24 09:25:16', '2019-08-24 09:25:43', NULL, NULL, NULL, '1'),
(15188, 'Rince', 'Octavianus', NULL, NULL, NULL, '4391', NULL, '2019-08-24 09:27:58', 4, 'customer', NULL, '2019-08-24 09:27:58', '2019-08-24 09:27:21', '2019-08-24 09:27:58', NULL, NULL, NULL, '1'),
(15189, 'Heru', 'Hermawan', NULL, NULL, NULL, '8472', NULL, '2019-08-24 09:38:35', 4, 'customer', NULL, '2019-08-24 09:38:35', '2019-08-24 09:29:06', '2019-08-24 09:38:35', NULL, NULL, NULL, '1'),
(15190, 'Marcelino', 'Alvianto', NULL, NULL, NULL, '7987', NULL, NULL, 4, 'customer', NULL, NULL, '2019-08-24 09:30:41', '2019-08-24 09:30:41', NULL, NULL, NULL, '1'),
(15191, 'Marcelino', 'Alvianto', NULL, NULL, NULL, '8702', NULL, '2019-08-24 09:31:52', 4, 'customer', NULL, '2019-08-24 09:31:52', '2019-08-24 09:31:36', '2019-08-24 09:31:52', NULL, NULL, NULL, '1'),
(15192, 'Dhita', 'Patricia', NULL, NULL, NULL, '2266', NULL, '2019-08-24 09:36:25', 4, 'customer', NULL, '2019-08-24 09:36:25', '2019-08-24 09:35:48', '2019-08-24 09:36:25', NULL, NULL, NULL, '1'),
(15193, 'Yuyun', 'Widiyanti', NULL, NULL, NULL, '1352', NULL, '2019-08-24 09:37:04', 4, 'customer', NULL, '2019-08-24 09:37:04', '2019-08-24 09:35:57', '2019-08-24 09:37:04', NULL, NULL, NULL, '1'),
(15194, 'Toni', 'Simamora', NULL, NULL, NULL, '6417', NULL, '2019-08-24 09:39:17', 4, 'customer', NULL, '2019-08-24 09:39:17', '2019-08-24 09:36:27', '2019-08-24 09:39:17', NULL, NULL, NULL, '1'),
(15195, 'Mulyadi', 'Mulyadi', NULL, NULL, NULL, '8760', NULL, '2019-08-24 09:40:14', 4, 'customer', NULL, '2019-08-24 09:40:14', '2019-08-24 09:39:11', '2019-08-24 09:40:14', NULL, NULL, NULL, '1'),
(15196, 'ayu.rizkiyah', 'ayu', NULL, NULL, NULL, '5825', NULL, '2019-08-25 10:45:10', 4, 'customer', NULL, '2019-08-25 10:45:10', '2019-08-24 09:39:51', '2019-08-25 10:45:10', NULL, NULL, NULL, '1'),
(15197, 'Alika', 'Rizky', NULL, NULL, NULL, '7619', NULL, '2019-08-24 09:45:37', 4, 'customer', NULL, '2019-08-24 09:45:37', '2019-08-24 09:44:14', '2019-08-24 09:45:37', NULL, NULL, NULL, '1'),
(15198, 'Santi', 'Komalasari', NULL, NULL, NULL, '5681', NULL, '2019-09-12 17:33:47', 4, 'customer', NULL, '2019-09-12 17:33:47', '2019-08-24 09:47:10', '2019-09-12 17:33:47', NULL, NULL, NULL, '1'),
(15199, 'Haji', 'Tatu', NULL, NULL, NULL, '8713', NULL, '2019-08-24 09:49:40', 4, 'customer', NULL, '2019-08-24 09:49:40', '2019-08-24 09:48:54', '2019-08-24 09:49:40', NULL, NULL, NULL, '1'),
(15200, 'Rita', 'Ria ningsih', NULL, NULL, NULL, '3975', NULL, '2019-08-24 09:51:06', 4, 'customer', NULL, '2019-08-24 09:51:06', '2019-08-24 09:50:20', '2019-08-25 21:58:04', NULL, NULL, NULL, '1'),
(15201, 'Fenny', 'Fenny', NULL, NULL, NULL, '8160', NULL, NULL, 4, 'customer', NULL, NULL, '2019-08-24 09:50:58', '2019-08-24 09:51:59', NULL, NULL, NULL, '1'),
(15202, 'Reni', 'Purnamasari', NULL, NULL, NULL, '2532', NULL, '2019-08-24 09:53:57', 4, 'customer', NULL, '2019-08-24 09:53:57', '2019-08-24 09:52:23', '2019-08-24 09:53:57', NULL, NULL, NULL, '1'),
(15203, 'Fenny', 'Fenny', NULL, NULL, NULL, '7416', NULL, '2019-08-24 09:53:21', 4, 'customer', NULL, '2019-08-24 09:53:21', '2019-08-24 09:53:02', '2019-08-24 09:53:21', NULL, NULL, NULL, '1'),
(15204, 'Michiella', 'Surya', NULL, NULL, NULL, '6652', NULL, '2019-08-24 12:54:47', 4, 'customer', NULL, '2019-08-24 12:54:47', '2019-08-24 12:53:58', '2019-08-24 12:54:47', NULL, NULL, NULL, '1'),
(15205, 'Ambar', 'Kumalawati', NULL, NULL, NULL, NULL, NULL, NULL, 3, 'agent', NULL, NULL, '2019-08-24 15:23:24', '2019-08-24 15:23:24', NULL, NULL, NULL, '0'),
(15206, 'Aldi', 'Setiawan', NULL, NULL, NULL, '7784', NULL, '2019-08-25 00:27:42', 4, 'customer', NULL, '2019-08-25 00:27:42', '2019-08-25 00:24:58', '2019-08-25 00:27:42', NULL, NULL, NULL, '1'),
(15207, 'Nonalydiia', 'Lydia', NULL, NULL, NULL, '7151', NULL, '2019-08-25 06:19:56', 4, 'customer', NULL, '2019-08-25 06:19:56', '2019-08-25 06:19:29', '2019-08-25 06:19:56', NULL, NULL, NULL, '1'),
(15208, 'Murohji', 'zahwa', NULL, NULL, NULL, '6740', NULL, '2019-08-25 06:30:37', 4, 'customer', NULL, '2019-08-25 06:30:37', '2019-08-25 06:29:09', '2019-08-25 06:30:37', NULL, NULL, NULL, '1'),
(15209, 'nonalydiia', 'lydiia', NULL, NULL, NULL, '7856', NULL, '2019-08-25 06:44:59', 4, 'customer', NULL, '2019-08-25 06:44:59', '2019-08-25 06:32:14', '2019-08-25 07:11:22', NULL, NULL, NULL, '1'),
(15210, 'Mumung', 'Mumung', NULL, NULL, NULL, '8930', NULL, '2019-08-25 06:36:33', 4, 'customer', NULL, '2019-08-25 06:36:33', '2019-08-25 06:36:03', '2019-08-25 06:36:33', NULL, NULL, NULL, '1'),
(15211, 'NONA', 'Lydia', NULL, NULL, NULL, '8056', NULL, NULL, 4, 'customer', NULL, NULL, '2019-08-25 06:44:32', '2019-08-25 06:44:32', NULL, NULL, NULL, '1'),
(15212, 'Suryani', 'Yanto', NULL, NULL, NULL, '2066', NULL, '2019-08-25 06:50:10', 4, 'customer', NULL, '2019-08-25 06:50:10', '2019-08-25 06:49:24', '2019-08-25 06:50:10', NULL, NULL, NULL, '1'),
(15213, 'Amelia lestari', 'Amel', NULL, NULL, NULL, '5358', NULL, '2019-08-25 06:53:54', 4, 'customer', NULL, '2019-08-25 06:53:54', '2019-08-25 06:49:36', '2019-08-25 06:53:54', NULL, NULL, NULL, '1'),
(15214, 'Naomi', 'Amelia', NULL, NULL, NULL, '8390', NULL, '2019-08-25 06:52:12', 4, 'customer', NULL, '2019-08-25 06:52:12', '2019-08-25 06:51:00', '2019-08-25 06:52:12', NULL, NULL, NULL, '1'),
(15215, 'Salsa', '-', NULL, NULL, NULL, '2197', NULL, NULL, 4, 'customer', NULL, NULL, '2019-08-25 06:56:42', '2019-08-25 06:56:42', NULL, NULL, NULL, '1'),
(15216, 'Salsa', 'Salsa', NULL, NULL, NULL, '3210', NULL, '2019-08-25 06:59:01', 4, 'customer', NULL, '2019-08-25 06:59:01', '2019-08-25 06:58:25', '2019-08-25 06:59:01', NULL, NULL, NULL, '1'),
(15217, 'Sri sutarningsih', 'Sutarningsih', NULL, NULL, NULL, '8114', NULL, '2019-08-25 07:01:51', 4, 'customer', NULL, '2019-08-25 07:01:51', '2019-08-25 07:01:16', '2019-08-25 07:01:51', NULL, NULL, NULL, '1'),
(15218, 'Indri', 'Yani', NULL, NULL, NULL, '3535', NULL, '2019-08-25 07:07:16', 4, 'customer', NULL, '2019-08-25 07:07:16', '2019-08-25 07:06:34', '2019-08-25 07:07:16', NULL, NULL, NULL, '1'),
(15219, 'Lina', 'Angela', NULL, NULL, NULL, '2538', NULL, '2019-09-05 13:15:39', 4, 'customer', NULL, '2019-09-05 13:15:39', '2019-08-25 07:07:04', '2019-09-05 13:15:39', NULL, NULL, NULL, '1'),
(15220, 'Ferry', 'Chay', NULL, NULL, NULL, '2883', NULL, '2019-08-25 07:08:28', 4, 'customer', NULL, '2019-08-25 07:08:28', '2019-08-25 07:08:05', '2019-08-25 07:08:28', NULL, NULL, NULL, '1'),
(15221, 'Tanzila', 'Azila', NULL, NULL, NULL, '4807', NULL, NULL, 4, 'customer', NULL, NULL, '2019-08-25 07:09:33', '2019-08-25 07:11:06', NULL, NULL, NULL, '1'),
(15222, 'Irma', 'Yanti', NULL, NULL, NULL, '5250', NULL, '2019-09-04 12:58:48', 4, 'customer', NULL, '2019-09-04 12:58:48', '2019-08-25 07:12:25', '2019-09-04 12:58:48', NULL, NULL, NULL, '1'),
(15223, 'Sari', 'Sari', NULL, NULL, NULL, '8338', NULL, '2019-08-25 07:14:28', 4, 'customer', NULL, '2019-08-25 07:14:28', '2019-08-25 07:14:00', '2019-08-25 07:14:28', NULL, NULL, NULL, '1'),
(15224, 'Angel', 'Lina', NULL, NULL, NULL, '6831', NULL, '2019-08-25 07:18:45', 4, 'customer', NULL, '2019-08-25 07:18:45', '2019-08-25 07:18:10', '2019-08-25 07:18:45', NULL, NULL, NULL, '1'),
(15225, 'Partini', 'Partini', NULL, NULL, NULL, '8443', NULL, '2019-09-22 06:34:03', 4, 'customer', NULL, '2019-09-22 06:34:03', '2019-08-25 07:30:25', '2019-09-22 06:34:03', NULL, NULL, NULL, '1'),
(15226, 'Moechamad', 'Oemar sidiq', NULL, NULL, NULL, '7311', NULL, '2019-08-25 07:32:15', 4, 'customer', NULL, '2019-08-25 07:32:15', '2019-08-25 07:31:48', '2019-08-25 07:32:15', NULL, NULL, NULL, '1'),
(15227, 'Murwati', 'Imong', NULL, NULL, NULL, '7837', NULL, '2019-08-25 07:39:58', 4, 'customer', NULL, '2019-08-25 07:39:58', '2019-08-25 07:34:53', '2019-08-25 07:39:58', NULL, NULL, NULL, '1'),
(15228, 'Bayu', 'Setyawan', NULL, NULL, NULL, '5638', NULL, '2019-08-25 07:39:42', 4, 'customer', NULL, '2019-08-25 07:39:42', '2019-08-25 07:39:09', '2019-08-25 07:39:42', NULL, NULL, NULL, '1'),
(15229, 'Johari ari', 'Ari', NULL, NULL, NULL, '8862', NULL, '2019-08-25 07:41:30', 4, 'customer', NULL, '2019-08-25 07:41:30', '2019-08-25 07:40:08', '2019-08-25 07:41:30', NULL, NULL, NULL, '1'),
(15230, 'ita', 'juwita', NULL, NULL, NULL, '8289', NULL, '2019-08-25 07:41:27', 4, 'customer', NULL, '2019-08-25 07:41:27', '2019-08-25 07:40:35', '2019-08-25 07:41:27', NULL, NULL, NULL, '1'),
(15231, 'Ramini', 'Ramini', NULL, NULL, NULL, '6020', NULL, '2019-08-25 07:50:04', 4, 'customer', NULL, '2019-08-25 07:50:04', '2019-08-25 07:49:32', '2019-08-25 07:50:04', NULL, NULL, NULL, '1'),
(15232, 'Chay', 'Adi', NULL, NULL, NULL, '6364', NULL, '2019-08-25 07:51:18', 4, 'customer', NULL, '2019-08-25 07:51:18', '2019-08-25 07:50:49', '2019-08-25 07:51:18', NULL, NULL, NULL, '1'),
(15233, 'Ratna', 'Setiawati', NULL, NULL, NULL, '7012', NULL, '2019-08-25 07:58:49', 4, 'customer', NULL, '2019-08-25 07:58:49', '2019-08-25 07:54:25', '2019-08-25 07:58:49', NULL, NULL, NULL, '1'),
(15234, 'Nur', 'Nur', NULL, NULL, NULL, '3496', NULL, '2019-08-25 07:56:00', 4, 'customer', NULL, '2019-08-25 07:56:00', '2019-08-25 07:54:53', '2019-08-25 07:56:00', NULL, NULL, NULL, '1'),
(15235, 'Feby', 'Kemangi', NULL, NULL, NULL, '3649', NULL, '2019-08-25 08:30:58', 4, 'customer', NULL, '2019-08-25 08:30:58', '2019-08-25 08:11:56', '2019-08-25 08:30:58', NULL, NULL, NULL, '1'),
(15236, 'Chayadi', 'Ferry', NULL, NULL, NULL, '7067', NULL, '2019-08-25 08:13:30', 4, 'customer', NULL, '2019-08-25 08:13:30', '2019-08-25 08:13:11', '2019-08-25 08:13:30', NULL, NULL, NULL, '1'),
(15237, 'Ferchay', 'Adi', NULL, NULL, NULL, '3425', NULL, '2019-08-25 08:17:56', 4, 'customer', NULL, '2019-08-25 08:17:56', '2019-08-25 08:16:12', '2019-08-25 08:17:56', NULL, NULL, NULL, '1'),
(15238, 'fani', 'lestari', NULL, NULL, NULL, '2725', NULL, '2019-08-25 08:20:22', 4, 'customer', NULL, '2019-08-25 08:20:22', '2019-08-25 08:19:54', '2019-08-25 08:20:22', NULL, NULL, NULL, '1'),
(15239, 'Titin', 'Sulastri', NULL, NULL, NULL, '8149', NULL, '2019-08-25 08:21:00', 4, 'customer', NULL, '2019-08-25 08:21:00', '2019-08-25 08:20:28', '2019-08-25 08:21:00', NULL, NULL, NULL, '1'),
(15240, 'Sarni', 'Sarni', NULL, NULL, NULL, '1452', NULL, '2019-08-25 08:29:31', 4, 'customer', NULL, '2019-08-25 08:29:31', '2019-08-25 08:27:41', '2019-08-25 08:29:31', NULL, NULL, NULL, '1'),
(15241, 'heni', 'heni', NULL, NULL, NULL, '2701', NULL, '2019-08-25 08:37:09', 4, 'customer', NULL, '2019-08-25 08:37:09', '2019-08-25 08:36:43', '2019-08-25 08:37:09', NULL, NULL, NULL, '1'),
(15242, 'Naryo', 'Naryo', NULL, NULL, NULL, '6970', NULL, '2019-08-25 08:40:42', 4, 'customer', NULL, '2019-08-25 08:40:42', '2019-08-25 08:39:56', '2019-08-25 08:40:42', NULL, NULL, NULL, '1'),
(15243, 'Ratma', 'Anah', NULL, NULL, NULL, '6606', NULL, '2019-08-25 08:46:47', 4, 'customer', NULL, '2019-08-25 08:46:47', '2019-08-25 08:43:39', '2019-08-25 08:46:47', NULL, NULL, NULL, '1'),
(15244, 'Budi', 'Setiawati', NULL, NULL, NULL, '7988', NULL, '2019-09-13 17:50:20', 4, 'customer', NULL, '2019-09-13 17:50:20', '2019-08-25 08:46:35', '2019-09-13 17:50:20', NULL, NULL, NULL, '1'),
(15245, 'Sunarsi', 'Sunarsi', NULL, NULL, NULL, '7507', NULL, '2019-08-25 08:53:59', 4, 'customer', NULL, '2019-08-25 08:53:59', '2019-08-25 08:52:28', '2019-08-25 08:53:59', NULL, NULL, NULL, '1'),
(15246, 'Yati', 'Suci', NULL, NULL, NULL, '3065', NULL, NULL, 4, 'customer', NULL, NULL, '2019-08-25 09:02:34', '2019-08-25 09:02:48', NULL, NULL, NULL, '1'),
(15247, 'Suci', 'Yati', NULL, NULL, NULL, '5525', NULL, '2019-08-25 09:04:26', 4, 'customer', NULL, '2019-08-25 09:04:26', '2019-08-25 09:04:02', '2019-08-25 09:04:26', NULL, NULL, NULL, '1'),
(15248, 'Rifda', 'Desmandita', NULL, NULL, NULL, '7685', NULL, '2019-08-25 09:09:34', 4, 'customer', NULL, '2019-08-25 09:09:34', '2019-08-25 09:09:12', '2019-08-25 09:09:34', NULL, NULL, NULL, '1'),
(15249, 'Nia', 'Kurnia', NULL, NULL, NULL, '8438', NULL, '2019-08-25 09:10:35', 4, 'customer', NULL, '2019-08-25 09:10:35', '2019-08-25 09:10:05', '2019-08-25 09:10:35', NULL, NULL, NULL, '1'),
(15250, 'Suko', 'Wiharsih', NULL, NULL, NULL, '4329', NULL, '2019-08-25 09:15:36', 4, 'customer', NULL, '2019-08-25 09:15:36', '2019-08-25 09:14:54', '2019-08-25 09:15:36', NULL, NULL, NULL, '1'),
(15251, 'Bilal', 'Udin', NULL, NULL, NULL, '8766', NULL, '2019-08-25 09:22:11', 4, 'customer', NULL, '2019-08-25 09:22:11', '2019-08-25 09:21:40', '2019-08-25 09:22:11', NULL, NULL, NULL, '1'),
(15252, 'rahma', 'wati', NULL, NULL, NULL, '8132', NULL, NULL, 4, 'customer', NULL, NULL, '2019-08-25 09:22:07', '2019-08-25 09:22:07', NULL, NULL, NULL, '1'),
(15253, 'rahmawati', 'rahmawati', NULL, NULL, NULL, '6826', NULL, '2019-08-25 09:27:02', 4, 'customer', NULL, '2019-08-25 09:27:02', '2019-08-25 09:25:58', '2019-08-25 09:27:02', NULL, NULL, NULL, '1'),
(15254, 'Parno', 'Parno', NULL, NULL, NULL, '2016', NULL, '2019-08-25 09:31:11', 4, 'customer', NULL, '2019-08-25 09:31:11', '2019-08-25 09:29:50', '2019-08-25 09:31:11', NULL, NULL, NULL, '1'),
(15255, 'Dari utami', 'Tami', NULL, NULL, NULL, '8461', NULL, '2019-08-25 09:31:09', 4, 'customer', NULL, '2019-08-25 09:31:09', '2019-08-25 09:30:26', '2019-08-25 09:31:09', NULL, NULL, NULL, '1'),
(15256, 'ersa', 'melani', NULL, NULL, NULL, '8948', NULL, '2019-08-25 09:34:37', 4, 'customer', NULL, '2019-08-25 09:34:37', '2019-08-25 09:33:22', '2019-08-25 09:34:37', NULL, NULL, NULL, '1'),
(15257, 'Ho marina', 'Ho marina', NULL, NULL, NULL, '8804', NULL, '2019-08-25 09:39:22', 4, 'customer', NULL, '2019-08-25 09:39:22', '2019-08-25 09:37:51', '2019-08-25 09:39:22', NULL, NULL, NULL, '1'),
(15258, 'Titin', 'Titin', NULL, NULL, NULL, '6809', NULL, '2019-08-25 09:39:59', 4, 'customer', NULL, '2019-08-25 09:39:59', '2019-08-25 09:39:28', '2019-09-11 12:27:45', NULL, NULL, NULL, '1'),
(15259, 'Bella', 'Anastasia', NULL, NULL, NULL, '7028', NULL, '2019-08-25 09:42:25', 4, 'customer', NULL, '2019-08-25 09:42:25', '2019-08-25 09:40:42', '2019-08-25 09:42:25', NULL, NULL, NULL, '1'),
(15260, 'Endang', 'Supriyadi', NULL, NULL, NULL, '8903', NULL, '2019-08-25 09:43:04', 4, 'customer', NULL, '2019-08-25 09:43:04', '2019-08-25 09:42:32', '2019-08-25 09:43:04', NULL, NULL, NULL, '1'),
(15261, 'Dwi', 'Pijiatin', NULL, NULL, NULL, '2879', NULL, '2019-08-25 09:43:46', 4, 'customer', NULL, '2019-08-25 09:43:46', '2019-08-25 09:42:36', '2019-08-25 09:43:46', NULL, NULL, NULL, '1'),
(15262, 'Saolin', 'Olin', NULL, NULL, NULL, '5044', NULL, '2019-08-25 09:49:37', 4, 'customer', NULL, '2019-08-25 09:49:37', '2019-08-25 09:49:13', '2019-08-25 09:49:37', NULL, NULL, NULL, '1'),
(15263, 'Idris', 'Abdul', NULL, NULL, NULL, '6376', NULL, '2019-08-25 09:50:51', 4, 'customer', NULL, '2019-08-25 09:50:51', '2019-08-25 09:50:22', '2019-08-25 09:50:51', NULL, NULL, NULL, '1'),
(15264, 'Neni', 'Junaeni', NULL, NULL, NULL, '5008', NULL, '2019-09-11 11:33:19', 4, 'customer', NULL, '2019-09-11 11:33:19', '2019-08-25 09:53:46', '2019-09-11 11:33:19', NULL, NULL, NULL, '1'),
(15265, 'Gayuh', 'Sasmi', NULL, NULL, NULL, '7455', NULL, '2019-08-25 09:57:43', 4, 'customer', NULL, '2019-08-25 09:57:43', '2019-08-25 09:56:59', '2019-08-25 09:57:43', NULL, NULL, NULL, '1'),
(15266, 'Nurul', 'Uhnu', NULL, NULL, NULL, '4916', NULL, '2019-08-25 10:04:32', 4, 'customer', NULL, '2019-08-25 10:04:32', '2019-08-25 10:02:25', '2019-08-25 10:04:32', NULL, NULL, NULL, '1'),
(15267, 'ananda', 'nur', NULL, NULL, NULL, '1045', NULL, '2019-08-25 10:11:00', 4, 'customer', NULL, '2019-08-25 10:11:00', '2019-08-25 10:10:36', '2019-08-25 10:11:00', NULL, NULL, NULL, '1'),
(15268, 'Eva', 'Novalin', NULL, NULL, NULL, '5772', NULL, '2019-08-25 10:12:49', 4, 'customer', NULL, '2019-08-25 10:12:49', '2019-08-25 10:12:17', '2019-08-25 10:12:49', NULL, NULL, NULL, '1'),
(15269, 'Febri', 'Yani', NULL, NULL, NULL, '6357', NULL, '2019-08-25 10:17:39', 4, 'customer', NULL, '2019-08-25 10:17:39', '2019-08-25 10:16:55', '2019-08-25 10:17:39', NULL, NULL, NULL, '1'),
(15270, 'Dedeh', 'Aisyah', NULL, NULL, NULL, '2066', NULL, '2019-09-11 12:11:26', 4, 'customer', NULL, '2019-09-11 12:11:26', '2019-08-25 10:21:06', '2019-09-11 12:11:26', NULL, NULL, NULL, '1'),
(15271, 'Imam', 'Parikesit', NULL, NULL, NULL, '8103', NULL, '2019-08-25 10:52:05', 4, 'customer', NULL, '2019-08-25 10:52:05', '2019-08-25 10:36:32', '2019-08-25 10:52:05', NULL, NULL, NULL, '1'),
(15272, 'Nur', 'Aida', NULL, NULL, NULL, '6359', NULL, '2019-08-25 18:22:19', 4, 'customer', NULL, '2019-08-25 18:22:19', '2019-08-25 18:21:37', '2019-08-25 18:22:19', NULL, NULL, NULL, '1'),
(15273, 'Kokom', 'Komariyah', NULL, NULL, NULL, '3346', NULL, '2019-08-25 19:53:33', 4, 'customer', NULL, '2019-08-25 19:53:33', '2019-08-25 19:52:53', '2019-08-25 19:53:33', NULL, NULL, NULL, '1'),
(15274, 'Febriyanthi', 'Sinukaban', NULL, NULL, NULL, '8330', NULL, '2019-09-27 14:42:38', 3, 'agent', NULL, '2019-09-27 14:42:38', '2019-08-27 13:35:38', '2019-09-27 14:42:38', NULL, NULL, NULL, '1'),
(15275, 'Angelina', 'Lina', NULL, NULL, NULL, '2474', NULL, '2019-09-24 19:03:10', 3, 'agent', NULL, '2019-09-24 19:03:10', '2019-08-28 17:18:35', '2019-09-24 19:03:10', NULL, NULL, NULL, '1'),
(15276, 'Tfc', 'Yuana', NULL, NULL, NULL, '4920', NULL, '2019-09-19 11:15:53', 4, 'customer', NULL, '2019-09-19 11:15:53', '2019-08-28 17:29:23', '2019-09-19 11:15:53', NULL, NULL, NULL, '1'),
(15277, 'Shiti', 'Hayati', NULL, NULL, NULL, '1383', NULL, '2019-08-28 19:04:11', 4, 'customer', NULL, '2019-08-28 19:04:11', '2019-08-28 19:03:36', '2019-08-28 19:04:11', NULL, NULL, NULL, '1'),
(15278, 'Sri', 'Yantii', NULL, NULL, NULL, '1408', NULL, '2019-08-31 07:10:35', 4, 'customer', NULL, '2019-08-31 07:10:35', '2019-08-29 11:41:38', '2019-08-31 07:10:35', NULL, NULL, NULL, '1'),
(15279, 'Lukin', 'Lukin', NULL, NULL, NULL, '3372', NULL, '2019-08-29 16:42:59', 4, 'customer', NULL, '2019-08-29 16:42:59', '2019-08-29 16:42:29', '2019-08-29 16:42:59', NULL, NULL, NULL, '1'),
(15280, 'Evi', 'Zulfia', NULL, NULL, NULL, '1234', NULL, NULL, 4, 'customer', NULL, NULL, '2019-08-30 13:27:24', '2019-08-30 13:27:24', NULL, NULL, NULL, '1'),
(15281, 'Tri', 'Hastuti', NULL, NULL, NULL, '3496', NULL, '2019-08-30 18:14:51', 4, 'customer', NULL, '2019-08-30 18:14:51', '2019-08-30 17:56:03', '2019-08-30 18:14:51', NULL, NULL, NULL, '1'),
(15282, 'Kumala', 'Sari', NULL, NULL, NULL, '8892', NULL, '2019-09-26 10:40:09', 3, 'agent', NULL, '2019-09-26 10:40:09', '2019-08-30 20:42:02', '2019-09-26 10:40:09', NULL, NULL, NULL, '1'),
(15283, 'cindy', 'shintia', NULL, NULL, NULL, '3789', NULL, '2019-08-31 07:38:23', 4, 'customer', NULL, '2019-08-31 07:38:23', '2019-08-31 07:36:23', '2019-08-31 07:38:23', NULL, NULL, NULL, '1'),
(15284, 'Hartini', '.', NULL, NULL, NULL, '7528', NULL, NULL, 4, 'customer', NULL, NULL, '2019-08-31 08:09:34', '2019-08-31 08:09:34', NULL, NULL, NULL, '1'),
(15285, 'Gita', 'Putri', NULL, NULL, NULL, '6934', NULL, '2019-08-31 08:52:57', 4, 'customer', NULL, '2019-08-31 08:52:57', '2019-08-31 08:23:59', '2019-08-31 08:52:57', NULL, NULL, NULL, '1'),
(15286, 'Anggiat', 'Gultom', NULL, NULL, NULL, '6437', NULL, '2019-08-31 08:58:51', 4, 'customer', NULL, '2019-08-31 08:58:51', '2019-08-31 08:56:47', '2019-08-31 08:58:51', NULL, NULL, NULL, '1'),
(15287, 'Diah', 'Pusparini', NULL, NULL, NULL, '8757', NULL, '2019-08-31 10:18:33', 4, 'customer', NULL, '2019-08-31 10:18:33', '2019-08-31 10:17:56', '2019-08-31 10:18:33', NULL, NULL, NULL, '1'),
(15288, 'luluk', 'riana', NULL, NULL, NULL, '8746', NULL, NULL, 4, 'customer', NULL, NULL, '2019-08-31 13:15:15', '2019-08-31 21:22:52', NULL, NULL, NULL, '1'),
(15289, 'Siti', 'Jariah', NULL, NULL, NULL, '7875', NULL, '2019-09-18 07:36:14', 4, 'customer', NULL, '2019-09-18 07:36:14', '2019-09-01 10:27:30', '2019-09-27 15:19:28', NULL, NULL, NULL, '1'),
(15290, 'R', 'lim', NULL, NULL, NULL, '7314', NULL, '2019-09-10 15:39:15', 4, 'customer', NULL, '2019-09-10 15:39:15', '2019-09-01 22:22:18', '2019-09-10 15:39:15', NULL, NULL, NULL, '1'),
(15292, 'Suryani', NULL, NULL, NULL, NULL, '2124', NULL, NULL, 4, 'customer', NULL, NULL, '2019-09-03 20:12:04', '2019-09-03 20:12:04', NULL, NULL, NULL, '1'),
(15293, 'Nurul', 'hafiza', NULL, NULL, NULL, '6843', NULL, '2019-09-04 13:43:21', 4, 'customer', NULL, '2019-09-04 13:43:21', '2019-09-04 13:42:36', '2019-09-04 13:43:21', NULL, NULL, NULL, '1'),
(15294, 'marten', 'bastaman', NULL, NULL, NULL, '7050', NULL, '2019-09-18 10:49:13', 4, 'customer', NULL, '2019-09-18 10:49:13', '2019-09-05 11:11:42', '2019-09-18 10:49:13', NULL, NULL, NULL, '1'),
(15295, 'Afif', 'Nurrahman', NULL, NULL, NULL, '7842', NULL, NULL, 4, 'customer', NULL, NULL, '2019-09-05 15:08:54', '2019-09-05 15:08:54', NULL, NULL, NULL, '1'),
(15296, 'Enly', ' ', NULL, NULL, NULL, '7008', NULL, '2019-09-05 15:54:24', 4, 'customer', NULL, '2019-09-05 15:54:24', '2019-09-05 15:30:05', '2019-09-05 15:54:24', NULL, NULL, NULL, '1'),
(15297, 'Yani', NULL, NULL, NULL, NULL, '8692', NULL, NULL, 4, 'customer', NULL, NULL, '2019-09-06 16:37:01', '2019-09-06 16:37:01', NULL, NULL, NULL, '1'),
(15298, 'Ade', 'lukmansyah', NULL, NULL, NULL, '3269', NULL, '2019-09-06 21:18:43', 4, 'customer', NULL, '2019-09-06 21:18:43', '2019-09-06 21:18:09', '2019-09-06 21:18:43', NULL, NULL, NULL, '1'),
(15299, 'Muhamad', 'Firmansyah', NULL, NULL, NULL, '7463', NULL, '2019-09-07 12:27:14', 4, 'customer', NULL, '2019-09-07 12:27:14', '2019-09-07 12:26:29', '2019-09-07 12:27:14', NULL, NULL, NULL, '1'),
(15300, 'Ami', 'nurcahya', NULL, NULL, NULL, '1306', NULL, '2019-09-07 18:22:05', 4, 'customer', NULL, '2019-09-07 18:22:05', '2019-09-07 18:21:33', '2019-09-07 18:22:05', NULL, NULL, NULL, '1'),
(15301, 'Deki', NULL, NULL, NULL, NULL, '5017', NULL, NULL, 4, 'customer', NULL, NULL, '2019-09-08 14:32:03', '2019-09-08 14:32:03', NULL, NULL, NULL, '1'),
(15302, 'Atik', 'wijayanti', NULL, NULL, NULL, '3439', NULL, NULL, 4, 'customer', NULL, NULL, '2019-09-09 15:53:50', '2019-09-09 15:53:50', NULL, NULL, NULL, '1'),
(15303, 'Taufan', NULL, NULL, NULL, NULL, '6180', NULL, '2019-09-11 10:42:24', 4, 'customer', NULL, '2019-09-11 10:42:24', '2019-09-09 18:06:28', '2019-09-11 10:42:24', NULL, NULL, NULL, '1'),
(15304, 'taufangustiwan', NULL, NULL, NULL, NULL, '4200', NULL, NULL, 4, 'customer', NULL, NULL, '2019-09-09 18:09:24', '2019-09-09 18:09:24', NULL, NULL, NULL, '1'),
(15306, 'Lis', 'zebua', NULL, NULL, NULL, '5417', NULL, '2019-09-18 15:30:17', 4, 'customer', NULL, '2019-09-18 15:30:17', '2019-09-10 07:10:56', '2019-09-18 15:30:17', NULL, NULL, NULL, '1'),
(15307, 'Putri', 'kinanti', NULL, NULL, NULL, '1717', NULL, NULL, 4, 'customer', NULL, NULL, '2019-09-10 08:28:56', '2019-09-10 08:28:56', NULL, NULL, NULL, '1'),
(15308, 'Novvy', 'Wattimena', NULL, NULL, NULL, '1501', NULL, '2019-09-10 11:30:39', 4, 'customer', NULL, '2019-09-10 11:30:39', '2019-09-10 11:29:57', '2019-09-10 11:30:39', NULL, NULL, NULL, '1'),
(15309, 'Samsinah', NULL, NULL, NULL, NULL, '4376', NULL, '2019-09-10 17:38:40', 4, 'customer', NULL, '2019-09-10 17:38:40', '2019-09-10 17:36:38', '2019-09-11 17:13:15', NULL, NULL, NULL, '1'),
(15310, 'Afriliana', NULL, NULL, NULL, NULL, '6121', NULL, '2019-09-11 10:58:56', 4, 'customer', NULL, '2019-09-11 10:58:56', '2019-09-11 10:56:11', '2019-09-11 10:58:56', NULL, NULL, NULL, '1'),
(15311, 'Alarick', NULL, NULL, NULL, NULL, '3139', NULL, NULL, 4, 'customer', NULL, NULL, '2019-09-12 17:42:25', '2019-09-12 17:44:42', NULL, NULL, NULL, '1'),
(15312, 'Alarick', NULL, NULL, NULL, NULL, '8703', NULL, '2019-09-12 17:48:08', 4, 'customer', NULL, '2019-09-12 17:48:08', '2019-09-12 17:46:47', '2019-09-12 17:48:08', NULL, NULL, NULL, '1'),
(15313, 'Intan', 'Oktaviani', NULL, NULL, NULL, '5833', NULL, NULL, 4, 'customer', NULL, NULL, '2019-09-12 21:23:08', '2019-09-12 21:23:08', NULL, NULL, NULL, '1'),
(15314, 'Intan', 'Oktaviani', NULL, NULL, NULL, '5395', NULL, '2019-09-12 21:32:53', 4, 'customer', NULL, '2019-09-12 21:32:53', '2019-09-12 21:23:37', '2019-09-12 21:32:53', NULL, NULL, NULL, '1'),
(15315, 'Sovie', 'Liestiyani', NULL, NULL, NULL, '6476', NULL, '2019-09-27 13:10:50', 4, 'customer', NULL, '2019-09-27 13:10:50', '2019-09-13 09:30:06', '2019-09-27 13:10:50', NULL, NULL, NULL, '1'),
(15316, 'phengky', 'pangestu', NULL, NULL, NULL, '2986', NULL, '2019-09-15 16:43:52', 4, 'customer', NULL, '2019-09-15 16:43:52', '2019-09-15 16:43:28', '2019-09-15 16:43:52', NULL, NULL, NULL, '1'),
(15317, 'rizal', 'nurjaman', NULL, NULL, NULL, '4845', NULL, '2019-09-16 16:24:49', 4, 'customer', NULL, '2019-09-16 16:24:49', '2019-09-16 16:12:31', '2019-09-16 16:24:49', NULL, NULL, NULL, '1'),
(15318, 'Sri', 'lestari', NULL, NULL, NULL, '8157', NULL, NULL, 4, 'customer', NULL, NULL, '2019-09-18 15:29:06', '2019-09-18 15:29:06', NULL, NULL, NULL, '1'),
(15319, 'Yuliana', NULL, NULL, NULL, NULL, '1599', NULL, '2019-09-19 10:48:44', 4, 'customer', NULL, '2019-09-19 10:48:44', '2019-09-19 10:47:54', '2019-09-19 10:48:44', NULL, NULL, NULL, '1'),
(15320, 'Asdar', 'nur', NULL, NULL, NULL, '4376', NULL, '2019-09-19 22:47:11', 4, 'customer', NULL, '2019-09-19 22:47:11', '2019-09-19 22:46:39', '2019-09-19 22:47:41', NULL, NULL, NULL, '1'),
(15321, 'A', 'A', NULL, NULL, NULL, NULL, NULL, NULL, 3, 'agent', NULL, NULL, '2019-09-24 11:57:47', '2019-09-24 11:57:47', NULL, NULL, NULL, '0'),
(15322, 'Doddy', 'Ady', NULL, NULL, NULL, '5060', NULL, '2019-09-25 09:30:18', 4, 'customer', NULL, '2019-09-25 09:30:18', '2019-09-25 09:29:41', '2019-09-25 09:30:18', NULL, NULL, NULL, '1'),
(15323, 'BAQA', 'AYAM', NULL, NULL, NULL, '1528', NULL, NULL, 4, 'customer', NULL, NULL, '2019-09-26 15:35:29', '2019-09-26 15:36:32', NULL, NULL, NULL, '1'),
(15324, 'BAQA', 'AYAM', NULL, NULL, NULL, '1684', NULL, '2019-09-26 15:45:16', 4, 'customer', NULL, '2019-09-26 15:45:16', '2019-09-26 15:38:00', '2019-09-26 15:45:16', NULL, NULL, NULL, '1'),
(15325, 'BAQA', 'AYAM', NULL, NULL, NULL, '5081', NULL, NULL, 4, 'customer', NULL, NULL, '2019-09-26 15:44:08', '2019-09-26 15:44:08', NULL, NULL, NULL, '1'),
(15326, 'James', 'Endicott', NULL, NULL, NULL, '1055', NULL, '2019-09-27 14:43:24', 4, 'customer', NULL, '2019-09-27 14:43:24', '2019-09-26 17:19:52', '2019-09-27 14:43:24', NULL, NULL, NULL, '1'),
(15327, 'Sovie', 'Liestiyani', NULL, NULL, NULL, '5935', NULL, NULL, 4, 'customer', NULL, NULL, '2019-09-27 13:09:50', '2019-09-27 13:09:50', NULL, NULL, NULL, '1'),
(15328, 'rizki', NULL, NULL, NULL, NULL, '5334', NULL, '2019-09-27 15:21:13', 4, 'customer', NULL, '2019-09-27 15:21:13', '2019-09-27 15:20:35', '2019-09-27 15:21:13', NULL, NULL, NULL, '1'),
(15329, 'Roni', 'Wardhana', NULL, NULL, NULL, '8591', NULL, '2019-09-27 16:07:16', 4, 'customer', NULL, '2019-09-27 16:07:16', '2019-09-27 16:06:44', '2019-09-27 16:07:16', NULL, NULL, NULL, '1'),
(15330, 'attia', 'wijaya', NULL, NULL, NULL, '7064', NULL, '2019-09-27 17:33:33', 4, 'customer', NULL, '2019-09-27 17:33:33', '2019-09-27 17:32:04', '2019-09-27 17:33:33', NULL, NULL, NULL, '1'),
(15331, NULL, NULL, 'admin@test.com', NULL, '$2y$10$F3RLJeYB49qnotCc.pAcDuKJLM2VqX4rVf08U4l7puaXKqoHpWeXC', NULL, NULL, NULL, 1, 'superadmin', NULL, NULL, '2020-10-19 08:51:37', '2020-10-19 08:51:37', NULL, NULL, NULL, '1');

--
-- Indexes for dumped tables
--

--
-- Indexes for table `agent`
--
ALTER TABLE `agent`
  ADD PRIMARY KEY (`id`);

--
-- Indexes for table `customer`
--
ALTER TABLE `customer`
  ADD PRIMARY KEY (`id`);

--
-- Indexes for table `orders`
--
ALTER TABLE `orders`
  ADD PRIMARY KEY (`id`),
  ADD KEY `customer_id` (`customer_id`),
  ADD KEY `agent_id` (`agent_id`);

--
-- Indexes for table `order_detail`
--
ALTER TABLE `order_detail`
  ADD PRIMARY KEY (`id`),
  ADD KEY `product_id` (`product_id`),
  ADD KEY `order_id` (`order_id`);

--
-- Indexes for table `product`
--
ALTER TABLE `product`
  ADD PRIMARY KEY (`id`),
  ADD KEY `category` (`category`);

--
-- Indexes for table `product_category`
--
ALTER TABLE `product_category`
  ADD PRIMARY KEY (`id`);

--
-- Indexes for table `users`
--
ALTER TABLE `users`
  ADD PRIMARY KEY (`id`);

--
-- AUTO_INCREMENT for dumped tables
--

--
-- AUTO_INCREMENT for table `orders`
--
ALTER TABLE `orders`
  MODIFY `id` int(11) NOT NULL AUTO_INCREMENT, AUTO_INCREMENT=39990403;

--
-- AUTO_INCREMENT for table `order_detail`
--
ALTER TABLE `order_detail`
  MODIFY `id` int(11) NOT NULL AUTO_INCREMENT, AUTO_INCREMENT=955;

--
-- AUTO_INCREMENT for table `product`
--
ALTER TABLE `product`
  MODIFY `id` int(11) NOT NULL AUTO_INCREMENT, AUTO_INCREMENT=57;

--
-- AUTO_INCREMENT for table `product_category`
--
ALTER TABLE `product_category`
  MODIFY `id` int(11) NOT NULL AUTO_INCREMENT, AUTO_INCREMENT=10;

--
-- AUTO_INCREMENT for table `users`
--
ALTER TABLE `users`
  MODIFY `id` int(11) NOT NULL AUTO_INCREMENT, AUTO_INCREMENT=15332;

--
-- Constraints for dumped tables
--

--
-- Constraints for table `agent`
--
ALTER TABLE `agent`
  ADD CONSTRAINT `agent_ibfk_1` FOREIGN KEY (`id`) REFERENCES `users` (`id`) ON DELETE CASCADE ON UPDATE CASCADE;

--
-- Constraints for table `customer`
--
ALTER TABLE `customer`
  ADD CONSTRAINT `customer_ibfk_1` FOREIGN KEY (`id`) REFERENCES `users` (`id`) ON DELETE CASCADE ON UPDATE CASCADE;

--
-- Constraints for table `orders`
--
ALTER TABLE `orders`
  ADD CONSTRAINT `orders_ibfk_1` FOREIGN KEY (`customer_id`) REFERENCES `users` (`id`) ON DELETE NO ACTION ON UPDATE CASCADE,
  ADD CONSTRAINT `orders_ibfk_2` FOREIGN KEY (`agent_id`) REFERENCES `users` (`id`) ON DELETE NO ACTION ON UPDATE CASCADE;

--
-- Constraints for table `order_detail`
--
ALTER TABLE `order_detail`
  ADD CONSTRAINT `order_detail_ibfk_1` FOREIGN KEY (`product_id`) REFERENCES `product` (`id`) ON DELETE CASCADE ON UPDATE CASCADE,
  ADD CONSTRAINT `order_detail_ibfk_2` FOREIGN KEY (`order_id`) REFERENCES `orders` (`id`) ON DELETE CASCADE ON UPDATE CASCADE;

--
-- Constraints for table `product`
--
ALTER TABLE `product`
  ADD CONSTRAINT `product_ibfk_1` FOREIGN KEY (`category`) REFERENCES `product_category` (`id`) ON DELETE NO ACTION ON UPDATE CASCADE;
COMMIT;

/*!40101 SET CHARACTER_SET_CLIENT=@OLD_CHARACTER_SET_CLIENT */;
/*!40101 SET CHARACTER_SET_RESULTS=@OLD_CHARACTER_SET_RESULTS */;
/*!40101 SET COLLATION_CONNECTION=@OLD_COLLATION_CONNECTION */;
